Name,Location,Date,Latitude,Longitude,Deliverable,Genotype,Survived,Outplanted,,,,,
Outplant 2025-05-28,EDR / EDR MIR Media ,5/27/25,,,,PS24,10,10,,,,,
Outplant 2025-05-28,EDR / EDR MIR Media ,5/27/25,,,,MC92,10,10,,,,,
Outplant 2025-05-28,EDR / EDR MIR Media ,5/27/25,,,,AC2603,15,15,,,,,
Outplant 2025-06-08,American Shoal  / BIL_Q_P004,6/7/25,24.52172,-81.5236,BIL Year 1,CN7,10,10,,,,,
Outplant 2025-06-08,American Shoal  / BIL_Q_P004,6/7/25,24.52172,-81.5236,BIL Year 1,DL285,10,10,,,,,
Outplant 2025-06-08,American Shoal  / BIL_Q_P004,6/7/25,24.52172,-81.5236,BIL Year 1,MC127,10,10,,,,,
Outplant 2025-06-08,American Shoal  / BIL_Q_P004,6/7/25,24.52172,-81.5236,BIL Year 1,MC62,10,10,,,,,
Outplant 2025-06-08,American Shoal  / BIL_Q_P004,6/7/25,24.52172,-81.5236,BIL Year 1,OF977,10,10,,,,,
Outplant 2025-06-08,American Shoal  / BIL_Q_P004,6/7/25,24.52172,-81.5236,BIL Year 1,OF980,10,10,,,,,
Outplant 2025-06-08,American Shoal  / BIL_Q_P004,6/7/25,24.52172,-81.5236,BIL Year 1,OF983,10,10,,,,,
Outplant 2025-06-08,American Shoal  / BIL_Q_P004,6/7/25,24.52172,-81.5236,BIL Year 1,OF990,10,10,,,,,
Outplant 2025-06-08,American Shoal  / BIL_Q_P004,6/7/25,24.52172,-81.5236,BIL Year 1,PC19,10,10,,,,,
Outplant 2025-06-08,American Shoal  / BIL_Q_P004,6/7/25,24.52172,-81.5236,BIL Year 1,PS33,10,10,,,,,
Outplant 2025-06-08,American Shoal  / BIL_Q_P004,6/7/25,24.52172,-81.5236,BIL Year 1,AC3,20,20,,,,,
Outplant 2025-06-08,American Shoal  / BIL_Q_P004,6/7/25,24.52172,-81.5236,BIL Year 1,AC31,20,20,,,,,
Outplant 2025-06-08,American Shoal  / BIL_Q_P004,6/7/25,24.52172,-81.5236,BIL Year 1,AC34,20,20,,,,,
Outplant 2025-06-08,American Shoal  / BIL_Q_P004,6/7/25,24.52172,-81.5236,BIL Year 1,AC58,20,20,,,,,
Outplant 2025-06-08,American Shoal  / BIL_Q_P004,6/7/25,24.52172,-81.5236,BIL Year 1,AC75,20,20,,,,,
Outplant 2025-06-08,American Shoal  / BIL_Q_P004,6/7/25,24.52172,-81.5236,BIL Year 1,AC80,20,20,,,,,
Outplant 2025-06-08,American Shoal  / BIL_Q_P004,6/7/25,24.52172,-81.5236,BIL Year 1,AC1287,20,20,,,,,
Outplant 2025-06-08,American Shoal  / BIL_Q_P004,6/7/25,24.52172,-81.5236,BIL Year 1,AC1962,20,20,,,,,
Outplant 2025-06-08,American Shoal  / BIL_Q_P004,6/7/25,24.52172,-81.5236,BIL Year 1,AC2627,20,20,,,,,
Outplant 2025-06-08,American Shoal  / BIL_Q_P004,6/7/25,24.52172,-81.5236,BIL Year 1,AC62,20,20,,,,,
Outplant 2025-06-09,American Shoal  / BIL_Q_P006,6/8/25,24.522288,-81.5219,BIL Year 1,CN73,10,10,,,,,
Outplant 2025-06-09,American Shoal  / BIL_Q_P006,6/8/25,24.522288,-81.5219,BIL Year 1,DL285,10,10,,,,,
Outplant 2025-06-09,American Shoal  / BIL_Q_P006,6/8/25,24.522288,-81.5219,BIL Year 1,MC203,10,10,,,,,
Outplant 2025-06-09,American Shoal  / BIL_Q_P006,6/8/25,24.522288,-81.5219,BIL Year 1,MC62,10,10,,,,,
Outplant 2025-06-09,American Shoal  / BIL_Q_P006,6/8/25,24.522288,-81.5219,BIL Year 1,OF980,20,20,,,,,
Outplant 2025-06-09,American Shoal  / BIL_Q_P006,6/8/25,24.522288,-81.5219,BIL Year 1,OF988,10,10,,,,,
Outplant 2025-06-09,American Shoal  / BIL_Q_P006,6/8/25,24.522288,-81.5219,BIL Year 1,OF993,10,10,,,,,
Outplant 2025-06-09,American Shoal  / BIL_Q_P006,6/8/25,24.522288,-81.5219,BIL Year 1,PC19,10,10,,,,,
Outplant 2025-06-09,American Shoal  / BIL_Q_P006,6/8/25,24.522288,-81.5219,BIL Year 1,PS49,10,10,,,,,
Outplant 2025-06-09,American Shoal  / BIL_Q_P006,6/8/25,24.522288,-81.5219,BIL Year 1,AC3,20,20,,,,,
Outplant 2025-06-09,American Shoal  / BIL_Q_P006,6/8/25,24.522288,-81.5219,BIL Year 1,AC31,20,20,,,,,
Outplant 2025-06-09,American Shoal  / BIL_Q_P006,6/8/25,24.522288,-81.5219,BIL Year 1,AC34,20,20,,,,,
Outplant 2025-06-09,American Shoal  / BIL_Q_P006,6/8/25,24.522288,-81.5219,BIL Year 1,AC58,20,20,,,,,
Outplant 2025-06-09,American Shoal  / BIL_Q_P006,6/8/25,24.522288,-81.5219,BIL Year 1,AC62,20,20,,,,,
Outplant 2025-06-09,American Shoal  / BIL_Q_P006,6/8/25,24.522288,-81.5219,BIL Year 1,AC75,20,20,,,,,
Outplant 2025-06-09,American Shoal  / BIL_Q_P006,6/8/25,24.522288,-81.5219,BIL Year 1,AC80,20,20,,,,,
Outplant 2025-06-09,American Shoal  / BIL_Q_P006,6/8/25,24.522288,-81.5219,BIL Year 1,AC1287,20,20,,,,,
Outplant 2025-06-09,American Shoal  / BIL_Q_P006,6/8/25,24.522288,-81.5219,BIL Year 1,AC1962,20,20,,,,,
Outplant 2025-06-09,American Shoal  / BIL_Q_P006,6/8/25,24.522288,-81.5219,BIL Year 1,AC2627,20,20,,,,,
I.CARE outplant June, / I.CARE outplant June,7/5/24,,,,SS61,10,10,,,,,
I.CARE outplant June, / I.CARE outplant June,7/5/24,,,,SS64,10,10,,,,,
I.CARE outplant June, / I.CARE outplant June,7/5/24,,,,OF1033,10,10,,,,,
I.CARE outplant June, / I.CARE outplant June,7/5/24,,,,MC105,105,105,,,,,
I.CARE outplant June, / I.CARE outplant June,7/5/24,,,,OF957,0,0,,,,,
I.CARE outplant June, / I.CARE outplant June,7/5/24,,,,OF987,25,25,,,,,
I.CARE outplant June, / I.CARE outplant June,7/5/24,,,,MC112,40,40,,,,,
I.CARE outplant June, / I.CARE outplant June,7/5/24,,,,OF1006,20,20,,,,,
I.CARE outplant June, / I.CARE outplant June,7/5/24,,,,Mc102,0,0,,,,,
I.CARE outplant June, / I.CARE outplant June,7/5/24,,,,MC102,75,75,,,,,
I.CARE outplant June, / I.CARE outplant June,7/5/24,,,,PC49,120,120,,,,,
I.CARE outplant June, / I.CARE outplant June,7/5/24,,,,Pc49,0,0,,,,,
I.CARE outplant June, / I.CARE outplant June,7/5/24,,,,PC25,0,0,,,,,
I.CARE outplant June, / I.CARE outplant June,7/5/24,,,,OF950,5,5,,,,,
I.CARE outplant June, / I.CARE outplant June,7/5/24,,,,OA7,10,10,,,,,
I.CARE outplant June, / I.CARE outplant June,7/5/24,,,,MC122,0,0,,,,,
I.CARE outplant June, / I.CARE outplant June,7/5/24,,,,PS7,15,15,,,,,
I.CARE outplant June, / I.CARE outplant June,7/5/24,,,,OF1028,150,150,,,,,
I.CARE outplant June, / I.CARE outplant June,7/5/24,,,,PC31,40,40,,,,,
I.CARE outplant June, / I.CARE outplant June,7/5/24,,,,SS41,20,20,,,,,
I.CARE outplant June, / I.CARE outplant June,7/5/24,,,,OF1005,180,180,,,,,
I.CARE outplant June, / I.CARE outplant June,7/5/24,,,,OF1031,50,50,,,,,
I.CARE outplant June, / I.CARE outplant June,7/5/24,,,,PC43,50,50,,,,,
I.CARE outplant June, / I.CARE outplant June,7/5/24,,,,OF918,10,10,,,,,
I.CARE outplant June, / I.CARE outplant June,7/5/24,,,,SS39,10,10,,,,,
I.CARE outplant June, / I.CARE outplant June,7/5/24,,,,PF1028,0,0,,,,,
Outplant 2025-01-28, / Carysfort MIR Media Outplant,1/27/25,,,,OF979,10,10,,,,,
Outplant 2025-01-28, / Carysfort MIR Media Outplant,1/27/25,,,,OF1027,10,10,,,,,
Outplant 2025-06-08,American Shoal  / BIL_Q_P001,6/7/25,24.52187,-81.5248,BIL Year 1,CN18,10,10,,,,,
Outplant 2025-06-08,American Shoal  / BIL_Q_P001,6/7/25,24.52187,-81.5248,BIL Year 1,DL186,10,10,,,,,
Outplant 2025-06-08,American Shoal  / BIL_Q_P001,6/7/25,24.52187,-81.5248,BIL Year 1,MC1,10,10,,,,,
Outplant 2025-06-08,American Shoal  / BIL_Q_P001,6/7/25,24.52187,-81.5248,BIL Year 1,MC57,10,10,,,,,
Outplant 2025-06-08,American Shoal  / BIL_Q_P001,6/7/25,24.52187,-81.5248,BIL Year 1,OF977,10,10,,,,,
Outplant 2025-06-08,American Shoal  / BIL_Q_P001,6/7/25,24.52187,-81.5248,BIL Year 1,OF980,10,10,,,,,
Outplant 2025-06-08,American Shoal  / BIL_Q_P001,6/7/25,24.52187,-81.5248,BIL Year 1,OF983,10,10,,,,,
Outplant 2025-06-08,American Shoal  / BIL_Q_P001,6/7/25,24.52187,-81.5248,BIL Year 1,PS20,10,10,,,,,
Outplant 2025-06-08,American Shoal  / BIL_Q_P001,6/7/25,24.52187,-81.5248,BIL Year 1,OF988,10,10,,,,,
Outplant 2025-06-08,American Shoal  / BIL_Q_P001,6/7/25,24.52187,-81.5248,BIL Year 1,PC16,10,10,,,,,
Outplant 2025-06-08,American Shoal  / BIL_Q_P001,6/7/25,24.52187,-81.5248,BIL Year 1,AC3,20,20,,,,,
Outplant 2025-06-08,American Shoal  / BIL_Q_P001,6/7/25,24.52187,-81.5248,BIL Year 1,AC31,20,20,,,,,
Outplant 2025-06-08,American Shoal  / BIL_Q_P001,6/7/25,24.52187,-81.5248,BIL Year 1,AC34,20,20,,,,,
Outplant 2025-06-08,American Shoal  / BIL_Q_P001,6/7/25,24.52187,-81.5248,BIL Year 1,AC58,20,20,,,,,
Outplant 2025-06-08,American Shoal  / BIL_Q_P001,6/7/25,24.52187,-81.5248,BIL Year 1,AC62,20,20,,,,,
Outplant 2025-06-08,American Shoal  / BIL_Q_P001,6/7/25,24.52187,-81.5248,BIL Year 1,AC75,20,20,,,,,
Outplant 2025-06-08,American Shoal  / BIL_Q_P001,6/7/25,24.52187,-81.5248,BIL Year 1,AC80,20,20,,,,,
Outplant 2025-06-08,American Shoal  / BIL_Q_P001,6/7/25,24.52187,-81.5248,BIL Year 1,AC1287,20,20,,,,,
Outplant 2025-06-08,American Shoal  / BIL_Q_P001,6/7/25,24.52187,-81.5248,BIL Year 1,AC1962,20,20,,,,,
Outplant 2025-06-08,American Shoal  / BIL_Q_P001,6/7/25,24.52187,-81.5248,BIL Year 1,AC2627,20,20,,,,,
Outplant 2025-02-21, / HH_M_2,2/20/25,,,,SS315,6,6,,,,,
Outplant 2025-02-21, / HH_M_2,2/20/25,,,,SI179,6,6,,,,,
Outplant 2025-02-21, / HH_M_2,2/20/25,,,,SI189,6,6,,,,,
Outplant 2025-02-21, / HH_M_2,2/20/25,,,,SS459,6,6,,,,,
Outplant 2025-02-21, / HH_M_2,2/20/25,,,,SS480,6,6,,,,,
Outplant 2025-02-21, / HH_M_2,2/20/25,,,,SI14,7,7,,,,,
Outplant 2025-02-21, / HH_M_2,2/20/25,,,,SI16,1,1,,,,,
Outplant 2025-02-21, / HH_M_2,2/20/25,,,,SI49,1,1,,,,,
Outplant 2025-02-21, / HH_M_2,2/20/25,,,,SR321,1,1,,,,,
Outplant 2025-02-21, / HH_M_2,2/20/25,,,,SR333,1,1,,,,,
Outplant 2025-02-21, / HH_M_2,2/20/25,,,,SS447,1,1,,,,,
Outplant 2025-02-21, / HH_M_2,2/20/25,,,,SS460,1,1,,,,,
Outplant 2025-02-21, / HH_M_2,2/20/25,,,,SR338,1,1,,,,,
Outplant 2025-02-21, / HH_M_2,2/20/25,,,,SI222,1,1,,,,,
Outplant 2025-02-21, / HH_M_2,2/20/25,,,,SI224,1,1,,,,,
Outplant 2025-02-21, / HH_M_2,2/20/25,,,,SI225,1,1,,,,,
Outplant 2025-02-21, / HH_M_2,2/20/25,,,,SI242,1,1,,,,,
Outplant 2025-02-21, / HH_M_2,2/20/25,,,,SR38,1,1,,,,,
Outplant 2025-02-21, / HH_M_2,2/20/25,,,,SS278,1,1,,,,,
Outplant 2025-02-21, / HH_M_2,2/20/25,,,,SS322,1,1,,,,,
Outplant 2025-02-21, / HH_M_2,2/20/25,,,,SS325,1,1,,,,,
Outplant 2025-02-21, / HH_M_2,2/20/25,,,,SS327,1,1,,,,,
Outplant 2025-02-21, / HH_M_2,2/20/25,,,,SS328,1,1,,,,,
Outplant 2025-02-21, / HH_M_2,2/20/25,,,,SS329,1,1,,,,,
Outplant 2025-02-21, / HH_M_2,2/20/25,,,,SS333,1,1,,,,,
Outplant 2025-02-21, / HH_M_2,2/20/25,,,,SI192,1,1,,,,,
Outplant 2025-02-21, / HH_M_2,2/20/25,,,,SI150,6,6,,,,,
Outplant 2025-02-21, / HH_M_2,2/20/25,,,,SR178,6,6,,,,,
Outplant 2025-02-21, / HH_M_2,2/20/25,,,,SR219,6,6,,,,,
Outplant 2025-02-21, / HH_M_2,2/20/25,,,,SS281,6,6,,,,,
Outplant 2025-02-21, / HH_M_2,2/20/25,,,,SS615,6,6,,,,,
Outplant 2025-02-21, / HH_M_2,2/20/25,,,,SR707,1,1,,,,,
Outplant 2025-02-21, / HH_M_2,2/20/25,,,,SR708,1,1,,,,,
Outplant 2025-02-21, / HH_M_2,2/20/25,,,,SR709,1,1,,,,,
Outplant 2025-02-21, / HH_M_2,2/20/25,,,,SR710,1,1,,,,,
Outplant 2025-02-21, / HH_M_2,2/20/25,,,,SR711,1,1,,,,,
Outplant 2025-02-21, / HH_M_2,2/20/25,,,,SR712,1,1,,,,,
Outplant 2025-02-21, / HH_M_2,2/20/25,,,,SR713,1,1,,,,,
Outplant 2025-02-21, / HH_M_2,2/20/25,,,,SR714,1,1,,,,,
Outplant 2025-02-21, / HH_M_2,2/20/25,,,,SR715,1,1,,,,,
Outplant 2025-02-21, / HH_M_2,2/20/25,,,,SR716,1,1,,,,,
Outplant 2025-02-21, / HH_M_2,2/20/25,,,,SR717,1,1,,,,,
Outplant 2025-02-21, / HH_M_2,2/20/25,,,,SR718,1,1,,,,,
Outplant 2025-02-21, / HH_M_2,2/20/25,,,,SR719,1,1,,,,,
Outplant 2025-02-21, / HH_M_2,2/20/25,,,,SI165,6,6,,,,,
Outplant 2025-02-21, / HH_M_2,2/20/25,,,,SI169,6,6,,,,,
Outplant 2025-02-21, / HH_M_2,2/20/25,,,,SI70,6,6,,,,,
Outplant 2025-02-21, / HH_M_2,2/20/25,,,,SI141,6,6,,,,,
Outplant 2025-02-21, / HH_M_2,2/20/25,,,,SR298,1,1,,,,,
Outplant 2025-02-21, / HH_M_2,2/20/25,,,,SR304,1,1,,,,,
Outplant 2025-02-21, / HH_M_2,2/20/25,,,,SR324,1,1,,,,,
Outplant 2025-02-21, / HH_M_2,2/20/25,,,,SR327,1,1,,,,,
Outplant 2025-02-21, / HH_M_2,2/20/25,,,,SR330,1,1,,,,,
Outplant 2025-02-21, / HH_M_2,2/20/25,,,,SI226,1,1,,,,,
Outplant 2025-02-21, / HH_M_2,2/20/25,,,,SI187,1,1,,,,,
Outplant 2025-02-21, / HH_M_2,2/20/25,,,,SR220,1,1,,,,,
Outplant 2025-02-21, / HH_M_2,2/20/25,,,,SR228,1,1,,,,,
Outplant 2025-02-21, / HH_M_2,2/20/25,,,,SS467,1,1,,,,,
Outplant 2025-02-21, / HH_M_2,2/20/25,,,,SS470,1,1,,,,,
Outplant 2025-02-21, / HH_M_2,2/20/25,,,,SS505,1,1,,,,,
Outplant 2025-02-21, / HH_M_2,2/20/25,,,,SS642,1,1,,,,,
Outplant 2025-02-21, / HH_M_2,2/20/25,,,,SS643,1,1,,,,,
Outplant 2025-02-21, / HH_M_2,2/20/25,,,,SS644,1,1,,,,,
Outplant 2025-02-21, / HH_M_2,2/20/25,,,,SS645,1,1,,,,,
Outplant 2025-02-21, / HH_M_2,2/20/25,,,,SS646,1,1,,,,,
Outplant 2025-02-21, / HH_M_2,2/20/25,,,,SS647,1,1,,,,,
Outplant 2025-02-21, / HH_M_2,2/20/25,,,,SS648,1,1,,,,,
Outplant 2025-02-21, / HH_M_2,2/20/25,,,,SS649,1,1,,,,,
Outplant 2025-02-21, / HH_M_2,2/20/25,,,,SS650,1,1,,,,,
Outplant 2025-02-21, / HH_M_2,2/20/25,,,,SS651,1,1,,,,,
Outplant 2025-02-21, / HH_M_2,2/20/25,,,,SS652,1,1,,,,,
Outplant 2025-02-21, / HH_M_2,2/20/25,,,,SS653,1,1,,,,,
Outplant 2025-02-21, / HH_M_2,2/20/25,,,,SS417,6,6,,,,,
Outplant 2025-02-21, / HH_M_2,2/20/25,,,,SR213,6,6,,,,,
Outplant 2025-02-21, / HH_M_2,2/20/25,,,,SS461,6,6,,,,,
Outplant 2025-02-21, / HH_M_2,2/20/25,,,,SS472,6,6,,,,,
Outplant 2025-02-21, / HH_M_2,2/20/25,,,,SS482,6,6,,,,,
Outplant 2025-02-21, / HH_M_2,2/20/25,,,,SS330,1,1,,,,,
Outplant 2025-02-21, / HH_M_2,2/20/25,,,,SS334,1,1,,,,,
Outplant 2025-02-21, / HH_M_2,2/20/25,,,,SS335,1,1,,,,,
Outplant 2025-02-21, / HH_M_2,2/20/25,,,,SS500,1,1,,,,,
Outplant 2025-02-21, / HH_M_2,2/20/25,,,,SS705,1,1,,,,,
Outplant 2025-02-21, / HH_M_2,2/20/25,,,,SS706,1,1,,,,,
Outplant 2025-02-21, / HH_M_2,2/20/25,,,,SS707,1,1,,,,,
Outplant 2025-02-21, / HH_M_2,2/20/25,,,,SS708,1,1,,,,,
Outplant 2025-02-21, / HH_M_2,2/20/25,,,,SS709,1,1,,,,,
Outplant 2025-02-21, / HH_M_2,2/20/25,,,,SS710,1,1,,,,,
Outplant 2025-02-21, / HH_M_2,2/20/25,,,,SS711,1,1,,,,,
Outplant 2025-02-21, / HH_M_2,2/20/25,,,,SS712,1,1,,,,,
Outplant 2025-02-21, / HH_M_2,2/20/25,,,,SS345,1,1,,,,,
Outplant 2025-02-21, / HH_M_2,2/20/25,,,,SS304,1,1,,,,,
Outplant 2025-02-21, / HH_M_2,2/20/25,,,,SS201,1,1,,,,,
Outplant 2025-02-21, / HH_M_2,2/20/25,,,,SS202,1,1,,,,,
Outplant 2025-02-21, / HH_M_2,2/20/25,,,,SS205,1,1,,,,,
Outplant 2025-02-21, / HH_M_2,2/20/25,,,,SS206,1,1,,,,,
Outplant 2025-02-21, / HH_M_2,2/20/25,,,,SS223,1,1,,,,,
Outplant 2025-02-21, / HH_M_2,2/20/25,,,,SS171,1,1,,,,,
Outplant 2025-02-21, / HH_M_2,2/20/25,,,,SS400,1,1,,,,,
Outplant 2025-02-21, / HH_M_2,2/20/25,,,,SS172,1,1,,,,,
Outplant 2025-02-21, / HH_M_2,2/20/25,,,,SI214,1,1,,,,,
Outplant 2025-02-21, / HH_M_2,2/20/25,,,,SR85,1,1,,,,,
Outplant 2025-02-21, / HH_M_2,2/20/25,,,,SR84,1,1,,,,,
Outplant 2025-02-21, / HH_M_2,2/20/25,,,,SR77,1,1,,,,,
Outplant 2025-02-21, / HH_M_2,2/20/25,,,,SR34,1,1,,,,,
Outplant 2025-02-21, / HH_M_2,2/20/25,,,,SR41,1,1,,,,,
Outplant 2025-02-21, / HH_M_2,2/20/25,,,,SR35,1,1,,,,,
Outplant 2025-02-21, / HH_M_2,2/20/25,,,,SR39,1,1,,,,,
Outplant 2025-02-21, / HH_M_2,2/20/25,,,,SR33,1,1,,,,,
Outplant 2025-02-21, / HH_M_2,2/20/25,,,,SR61,1,1,,,,,
Outplant 2025-02-21, / HH_M_2,2/20/25,,,,SR154,1,1,,,,,
Outplant 2025-02-21, / HH_M_2,2/20/25,,,,SR157,1,1,,,,,
Outplant 2025-02-21, / HH_M_2,2/20/25,,,,SR158,1,1,,,,,
Outplant 2025-02-21, / HH_M_2,2/20/25,,,,SR160,1,1,,,,,
Outplant 2025-02-21, / HH_M_2,2/20/25,,,,SS424,1,1,,,,,
Outplant 2025-02-21, / HH_M_2,2/20/25,,,,SS422,1,1,,,,,
Outplant 2025-02-21, / HH_M_2,2/20/25,,,,SS426,1,1,,,,,
Outplant 2025-02-21, / HH_M_2,2/20/25,,,,SS427,1,1,,,,,
Outplant 2025-02-21, / HH_M_2,2/20/25,,,,SS440,1,1,,,,,
Outplant 2025-02-21, / HH_M_2,2/20/25,,,,SI237,1,1,,,,,
Outplant 2025-02-21, / HH_M_2,2/20/25,,,,SR336,1,1,,,,,
Outplant 2025-02-21, / HH_M_2,2/20/25,,,,SS319,1,1,,,,,
Outplant 2025-02-21, / HH_M_2,2/20/25,,,,SR217,1,1,,,,,
Outplant 2025-02-21, / HH_M_2,2/20/25,,,,SR218,1,1,,,,,
Outplant 2025-02-21, / HH_M_2,2/20/25,,,,SS504,1,1,,,,,
Outplant 2025-02-21, / HH_M_2,2/20/25,,,,SR209,1,1,,,,,
Outplant 2025-02-21, / HH_M_2,2/20/25,,,,SS326,1,1,,,,,
Outplant 2025-02-21, / HH_M_2,2/20/25,,,,SI117,1,1,,,,,
Outplant 2025-02-21, / HH_M_2,2/20/25,,,,SI118,1,1,,,,,
Outplant 2025-02-21, / HH_M_2,2/20/25,,,,SI119,1,1,,,,,
Outplant 2025-02-21, / HH_M_2,2/20/25,,,,SI120,1,1,,,,,
Outplant 2025-02-21, / HH_M_2,2/20/25,,,,SI121,1,1,,,,,
Outplant 2025-02-21, / HH_M_2,2/20/25,,,,SI122,1,1,,,,,
Outplant 2025-02-21, / HH_M_2,2/20/25,,,,SI171,1,1,,,,,
Outplant 2025-02-21, / HH_M_2,2/20/25,,,,SI170,1,1,,,,,
Outplant 2025-02-21, / HH_M_2,2/20/25,,,,SI172,1,1,,,,,
Outplant 2025-02-21, / HH_M_2,2/20/25,,,,SI173,1,1,,,,,
Outplant 2025-02-21, / HH_M_2,2/20/25,,,,SI174,1,1,,,,,
Outplant 2025-02-21, / HH_M_2,2/20/25,,,,SI175,1,1,,,,,
Outplant 2025-02-21, / HH_M_2,2/20/25,,,,SI176,1,1,,,,,
Outplant 2025-02-21, / HH_M_2,2/20/25,,,,SI178,1,1,,,,,
Outplant 2025-02-21, / HH_M_2,2/20/25,,,,SS116,1,1,,,,,
Outplant 2025-02-21, / HH_M_2,2/20/25,,,,SI40,1,1,,,,,
Outplant 2025-02-21, / HH_M_2,2/20/25,,,,SR8,1,1,,,,,
Outplant 2025-02-21, / HH_M_2,2/20/25,,,,SS114,1,1,,,,,
Outplant 2025-02-21, / HH_M_2,2/20/25,,,,SS118,1,1,,,,,
Outplant 2025-02-21, / HH_M_2,2/20/25,,,,SS119,1,1,,,,,
Outplant 2025-02-21, / HH_M_2,2/20/25,,,,SS111,1,1,,,,,
Outplant 2025-02-21, / HH_M_2,2/20/25,,,,SS115,1,1,,,,,
Outplant 2025-02-21, / HH_M_2,2/20/25,,,,SS120,1,1,,,,,
Outplant 2025-02-21, / HH_M_2,2/20/25,,,,SR12,1,1,,,,,
Outplant 2025-02-21, / HH_M_2,2/20/25,,,,SS117,1,1,,,,,
Outplant 2025-02-21, / HH_M_2,2/20/25,,,,SI108,1,1,,,,,
Outplant 2025-02-21, / HH_M_2,2/20/25,,,,SI109,1,1,,,,,
Outplant 2025-02-21, / HH_M_2,2/20/25,,,,SI110,1,1,,,,,
Outplant 2025-02-21, / HH_M_2,2/20/25,,,,SI111,1,1,,,,,
Outplant 2025-02-21, / HH_M_2,2/20/25,,,,SI112,1,1,,,,,
Outplant 2025-02-21, / HH_M_2,2/20/25,,,,SI114,1,1,,,,,
Outplant 2025-02-21, / HH_M_2,2/20/25,,,,SI113,1,1,,,,,
Outplant 2025-02-21, / HH_M_2,2/20/25,,,,SS588,1,1,,,,,
Outplant 2025-02-21, / HH_M_2,2/20/25,,,,SS589,1,1,,,,,
Outplant 2025-02-21, / HH_M_2,2/20/25,,,,SS590,1,1,,,,,
Outplant 2025-02-21, / HH_M_2,2/20/25,,,,SS591,1,1,,,,,
Outplant 2025-02-21, / HH_M_2,2/20/25,,,,SS592,1,1,,,,,
Outplant 2025-02-21, / HH_M_2,2/20/25,,,,SS593,1,1,,,,,
Outplant 2025-02-21, / HH_M_2,2/20/25,,,,SS594,1,1,,,,,
Outplant 2025-02-21, / HH_M_2,2/20/25,,,,SS595,1,1,,,,,
Outplant 2025-02-21, / HH_M_2,2/20/25,,,,SS596,1,1,,,,,
Outplant 2025-02-21, / HH_M_2,2/20/25,,,,SS597,1,1,,,,,
Outplant 2025-02-21, / HH_M_2,2/20/25,,,,SS598,1,1,,,,,
Outplant 2025-02-21, / HH_M_2,2/20/25,,,,SS599,1,1,,,,,
Outplant 2025-02-21, / HH_M_2,2/20/25,,,,SS600,1,1,,,,,
Outplant 2025-02-21, / HH_M_2,2/20/25,,,,SS601,1,1,,,,,
Outplant 2025-02-21, / HH_M_2,2/20/25,,,,SS602,1,1,,,,,
Outplant 2025-02-21, / HH_M_2,2/20/25,,,,SS603,1,1,,,,,
Outplant 2025-02-21, / HH_M_2,2/20/25,,,,SS604,1,1,,,,,
Outplant 2025-02-21, / HH_M_2,2/20/25,,,,SS605,1,1,,,,,
Outplant 2025-02-21, / HH_M_2,2/20/25,,,,SS606,1,1,,,,,
Outplant 2025-02-21, / HH_M_2,2/20/25,,,,SS607,1,1,,,,,
Outplant 2025-02-21, / HH_M_2,2/20/25,,,,SS608,1,1,,,,,
Outplant 2025-02-21, / HH_M_2,2/20/25,,,,SS609,1,1,,,,,
Outplant 2025-02-21, / HH_M_2,2/20/25,,,,SS610,1,1,,,,,
Outplant 2025-02-21, / HH_M_2,2/20/25,,,,SS611,1,1,,,,,
Outplant 2025-02-21, / HH_M_2,2/20/25,,,,SS612,1,1,,,,,
Outplant 2025-02-21, / HH_M_2,2/20/25,,,,SS632,1,1,,,,,
Outplant 2025-02-21, / HH_M_2,2/20/25,,,,SS633,1,1,,,,,
Outplant 2025-02-21, / HH_M_2,2/20/25,,,,SS634,1,1,,,,,
Outplant 2025-02-21, / HH_M_2,2/20/25,,,,SS635,1,1,,,,,
Outplant 2025-02-21, / HH_M_2,2/20/25,,,,SS636,1,1,,,,,
Outplant 2025-02-21, / HH_M_2,2/20/25,,,,SS637,1,1,,,,,
Outplant 2025-02-21, / HH_M_2,2/20/25,,,,SS638,1,1,,,,,
Outplant 2025-02-21, / HH_M_2,2/20/25,,,,SS639,1,1,,,,,
Outplant 2025-02-21, / HH_M_2,2/20/25,,,,SS640,1,1,,,,,
Outplant 2025-02-21, / HH_M_2,2/20/25,,,,SS641,1,1,,,,,
Outplant 2025-02-21, / HH_M_2,2/20/25,,,,SS543,1,1,,,,,
Outplant 2025-02-21, / HH_M_2,2/20/25,,,,SS544,1,1,,,,,
Outplant 2025-02-21, / HH_M_2,2/20/25,,,,SS545,1,1,,,,,
Outplant 2025-02-21, / HH_M_2,2/20/25,,,,SS546,1,1,,,,,
Outplant 2025-02-21, / HH_M_2,2/20/25,,,,SS547,1,1,,,,,
Outplant 2025-02-21, / HH_M_2,2/20/25,,,,SS548,1,1,,,,,
Outplant 2025-02-21, / HH_M_2,2/20/25,,,,SS549,1,1,,,,,
Outplant 2025-02-21, / HH_M_2,2/20/25,,,,SS550,1,1,,,,,
Outplant 2025-02-21, / HH_M_2,2/20/25,,,,SS551,1,1,,,,,
Outplant 2025-02-21, / HH_M_2,2/20/25,,,,SS552,1,1,,,,,
Outplant 2025-02-21, / HH_M_2,2/20/25,,,,SS553,1,1,,,,,
Outplant 2025-02-21, / HH_M_2,2/20/25,,,,SS554,1,1,,,,,
Outplant 2025-02-21, / HH_M_2,2/20/25,,,,SS555,1,1,,,,,
Outplant 2025-02-21, / HH_M_2,2/20/25,,,,SS556,1,1,,,,,
Outplant 2025-02-21, / HH_M_2,2/20/25,,,,SS557,1,1,,,,,
Outplant 2025-02-21, / HH_M_2,2/20/25,,,,SR169,1,1,,,,,
Outplant 2025-02-21, / HH_M_2,2/20/25,,,,SR170,1,1,,,,,
Outplant 2025-02-21, / HH_M_2,2/20/25,,,,SR173,1,1,,,,,
Outplant 2025-02-21, / HH_M_2,2/20/25,,,,SR174,1,1,,,,,
Outplant 2025-02-21, / HH_M_2,2/20/25,,,,SR175,1,1,,,,,
Outplant 2025-02-21, / HH_M_2,2/20/25,,,,SS613,1,1,,,,,
Outplant 2025-02-21, / HH_M_2,2/20/25,,,,SS614,1,1,,,,,
Outplant 2025-02-21, / HH_M_2,2/20/25,,,,SS616,1,1,,,,,
Outplant 2025-02-21, / HH_M_2,2/20/25,,,,SS617,1,1,,,,,
Outplant 2025-02-21, / HH_M_2,2/20/25,,,,SS618,1,1,,,,,
Outplant 2025-02-21, / HH_M_2,2/20/25,,,,SS619,1,1,,,,,
Outplant 2025-02-21, / HH_M_2,2/20/25,,,,SR136,1,1,,,,,
Outplant 2025-02-21, / HH_M_2,2/20/25,,,,SR139,1,1,,,,,
Outplant 2025-02-21, / HH_M_2,2/20/25,,,,SR140,1,1,,,,,
Outplant 2025-02-21, / HH_M_2,2/20/25,,,,SR141,1,1,,,,,
Outplant 2025-02-21, / HH_M_2,2/20/25,,,,SR142,1,1,,,,,
Outplant 2025-02-21, / HH_M_2,2/20/25,,,,SR143,1,1,,,,,
Outplant 2025-02-21, / HH_M_2,2/20/25,,,,SR144,1,1,,,,,
Outplant 2025-02-21, / HH_M_2,2/20/25,,,,SR325,1,1,,,,,
Outplant 2025-02-21, / HH_M_2,2/20/25,,,,SR319,1,1,,,,,
Outplant 2025-02-21, / HH_M_2,2/20/25,,,,SS437,1,1,,,,,
Outplant 2025-02-21, / HH_M_2,2/20/25,,,,SS441,1,1,,,,,
Outplant 2025-02-21, / HH_M_2,2/20/25,,,,SS451,1,1,,,,,
Outplant 2025-02-21, / HH_M_2,2/20/25,,,,SS453,1,1,,,,,
Outplant 2025-02-21, / HH_M_2,2/20/25,,,,SS448,1,1,,,,,
Outplant 2025-02-21, / HH_M_2,2/20/25,,,,SS449,1,1,,,,,
Outplant 2025-02-21, / HH_M_2,2/20/25,,,,SS455,1,1,,,,,
Outplant 2025-02-21, / HH_M_2,2/20/25,,,,SS446,1,1,,,,,
Outplant 2025-02-21, / HH_M_2,2/20/25,,,,SS445,1,1,,,,,
Outplant 2025-02-21, / HH_M_2,2/20/25,,,,SI17,1,1,,,,,
Outplant 2025-02-21, / HH_M_2,2/20/25,,,,SS339,1,1,,,,,
Outplant 2025-02-21, / HH_M_2,2/20/25,,,,SS340,1,1,,,,,
Outplant 2025-02-21, / HH_M_2,2/20/25,,,,SS302,1,1,,,,,
Outplant 2025-02-21, / HH_M_2,2/20/25,,,,SS177,1,1,,,,,
Outplant 2025-02-21, / HH_M_2,2/20/25,,,,SS218,1,1,,,,,
Outplant 2025-02-21, / HH_M_2,2/20/25,,,,SS221,1,1,,,,,
Outplant 2025-02-21, / HH_M_2,2/20/25,,,,SS226,1,1,,,,,
Outplant 2025-02-21, / HH_M_2,2/20/25,,,,SS228,1,1,,,,,
Outplant 2025-02-21, / HH_M_2,2/20/25,,,,SS341,1,1,,,,,
Outplant 2025-02-21, / HH_M_2,2/20/25,,,,SS308,1,1,,,,,
Outplant 2025-02-21, / HH_M_2,2/20/25,,,,SS305,1,1,,,,,
Outplant 2025-02-21, / HH_M_2,2/20/25,,,,SS309,1,1,,,,,
Outplant 2025-02-21, / HH_M_2,2/20/25,,,,SS303,1,1,,,,,
Outplant 2025-02-21, / HH_M_2,2/20/25,,,,SS300,1,1,,,,,
Outplant 2025-02-21, / HH_M_2,2/20/25,,,,SR137,6,6,,,,,
Outplant 2025-02-21, / HH_M_2,2/20/25,,,,SR159,6,6,,,,,
Outplant 2025-02-21, / HH_M_2,2/20/25,,,,SR171,6,6,,,,,
Outplant 2025-02-21, / HH_M_2,2/20/25,,,,SR176,6,6,,,,,
Outplant 2025-02-21, / HH_M_2,2/20/25,,,,SR74,6,6,,,,,
Outplant 2025-02-21, / HH_M_2,2/20/25,,,,SS529,1,1,,,,,
Outplant 2025-02-21, / HH_M_2,2/20/25,,,,SS530,1,1,,,,,
Outplant 2025-02-21, / HH_M_2,2/20/25,,,,SS531,1,1,,,,,
Outplant 2025-02-21, / HH_M_2,2/20/25,,,,SS532,1,1,,,,,
Outplant 2025-02-21, / HH_M_2,2/20/25,,,,SS533,1,1,,,,,
Outplant 2025-02-21, / HH_M_2,2/20/25,,,,SS534,1,1,,,,,
Outplant 2025-02-21, / HH_M_2,2/20/25,,,,SS535,1,1,,,,,
Outplant 2025-02-21, / HH_M_2,2/20/25,,,,SS536,1,1,,,,,
Outplant 2025-02-21, / HH_M_2,2/20/25,,,,SS537,1,1,,,,,
Outplant 2025-02-21, / HH_M_2,2/20/25,,,,SS538,1,1,,,,,
Outplant 2025-02-21, / HH_M_2,2/20/25,,,,SS539,1,1,,,,,
Outplant 2025-02-21, / HH_M_2,2/20/25,,,,SS540,1,1,,,,,
Outplant 2025-02-21, / HH_M_2,2/20/25,,,,SS541,1,1,,,,,
Outplant 2025-02-21, / HH_M_2,2/20/25,,,,SS542,1,1,,,,,
Outplant 2025-02-21, / HH_M_2,2/20/25,,,,SI184,1,1,,,,,
Outplant 2025-02-21, / HH_M_2,2/20/25,,,,SI191,1,1,,,,,
Outplant 2025-02-21, / HH_M_2,2/20/25,,,,SR205,1,1,,,,,
Outplant 2025-02-21, / HH_M_2,2/20/25,,,,SR206,1,1,,,,,
Outplant 2025-02-21, / HH_M_2,2/20/25,,,,SR208,1,1,,,,,
Outplant 2025-02-21, / HH_M_2,2/20/25,,,,SR210,1,1,,,,,
Outplant 2025-02-21, / HH_M_2,2/20/25,,,,SS488,1,1,,,,,
Outplant 2025-02-21, / HH_M_2,2/20/25,,,,SS573,1,1,,,,,
Outplant 2025-02-21, / HH_M_2,2/20/25,,,,SS574,1,1,,,,,
Outplant 2025-02-21, / HH_M_2,2/20/25,,,,SS575,1,1,,,,,
Outplant 2025-02-21, / HH_M_2,2/20/25,,,,SS576,1,1,,,,,
Outplant 2025-02-21, / HH_M_2,2/20/25,,,,SS577,1,1,,,,,
Outplant 2025-02-21, / HH_M_2,2/20/25,,,,SS578,1,1,,,,,
Outplant 2025-02-21, / HH_M_2,2/20/25,,,,SS579,1,1,,,,,
Outplant 2025-02-21, / HH_M_2,2/20/25,,,,SS580,1,1,,,,,
Outplant 2025-02-21, / HH_M_2,2/20/25,,,,SS581,1,1,,,,,
Outplant 2025-02-21, / HH_M_2,2/20/25,,,,SS582,1,1,,,,,
Outplant 2025-02-21, / HH_M_2,2/20/25,,,,SS583,1,1,,,,,
Outplant 2025-02-21, / HH_M_2,2/20/25,,,,SS584,1,1,,,,,
Outplant 2025-02-21, / HH_M_2,2/20/25,,,,SS585,1,1,,,,,
Outplant 2025-02-21, / HH_M_2,2/20/25,,,,SS586,1,1,,,,,
Outplant 2025-02-21, / HH_M_2,2/20/25,,,,SS587,1,1,,,,,
Outplant 2025-02-21, / HH_M_2,2/20/25,,,,SI166,6,6,,,,,
Outplant 2025-02-21, / HH_M_2,2/20/25,,,,SR196,6,6,,,,,
Outplant 2025-02-21, / HH_M_2,2/20/25,,,,SI116,6,6,,,,,
Outplant 2025-02-21, / HH_M_2,2/20/25,,,,SI149,6,6,,,,,
Outplant 2025-02-21, / HH_M_2,2/20/25,,,,SI177,6,6,,,,,
Outplant 2025-02-21, / HH_M_2,2/20/25,,,,SS620,1,1,,,,,
Outplant 2025-02-21, / HH_M_2,2/20/25,,,,SS621,1,1,,,,,
Outplant 2025-02-21, / HH_M_2,2/20/25,,,,SS622,1,1,,,,,
Outplant 2025-02-21, / HH_M_2,2/20/25,,,,SS623,1,1,,,,,
Outplant 2025-02-21, / HH_M_2,2/20/25,,,,SS624,1,1,,,,,
Outplant 2025-02-21, / HH_M_2,2/20/25,,,,SS625,1,1,,,,,
Outplant 2025-02-21, / HH_M_2,2/20/25,,,,SS626,1,1,,,,,
Outplant 2025-02-21, / HH_M_2,2/20/25,,,,SS627,1,1,,,,,
Outplant 2025-02-21, / HH_M_2,2/20/25,,,,SS628,1,1,,,,,
Outplant 2025-02-21, / HH_M_2,2/20/25,,,,SS629,1,1,,,,,
Outplant 2025-02-21, / HH_M_2,2/20/25,,,,SS630,1,1,,,,,
Outplant 2025-02-21, / HH_M_2,2/20/25,,,,SS631,1,1,,,,,
Outplant 2025-02-21, / HH_M_2,2/20/25,,,,SR227,6,6,,,,,
Outplant 2025-02-21, / HH_M_2,2/20/25,,,,SI144,6,6,,,,,
Outplant 2025-02-21, / HH_M_2,2/20/25,,,,SS429,6,6,,,,,
Outplant 2025-02-21, / HH_M_2,2/20/25,,,,SS435,6,6,,,,,
Outplant 2025-02-21, / HH_M_2,2/20/25,,,,SS452,6,6,,,,,
Outplant 2025-02-21, / HH_M_2,2/20/25,,,,SS471,6,6,,,,,
Outplant 2025-02-21, / HH_M_2,2/20/25,,,,SR135,6,6,,,,,
Outplant 2025-02-21, / HH_M_2,2/20/25,,,,SR63,6,6,,,,,
Outplant 2025-02-21, / HH_M_2,2/20/25,,,,SR156,6,6,,,,,
Outplant 2025-02-21, / HH_M_2,2/20/25,,,,SR193,6,6,,,,,
Outplant 2025-02-21, / HH_M_2,2/20/25,,,,SS285,6,6,,,,,
Outplant 2025-02-21, / HH_M_2,2/20/25,,,,SS176,1,1,,,,,
Outplant 2025-02-21, / HH_M_2,2/20/25,,,,SS181,1,1,,,,,
Outplant 2025-02-21, / HH_M_2,2/20/25,,,,SS183,1,1,,,,,
Outplant 2025-02-21, / HH_M_2,2/20/25,,,,SS186,1,1,,,,,
Outplant 2025-02-21, / HH_M_2,2/20/25,,,,SS187,1,1,,,,,
Outplant 2025-02-21, / HH_M_2,2/20/25,,,,SS192,1,1,,,,,
Outplant 2025-02-21, / HH_M_2,2/20/25,,,,SS193,1,1,,,,,
Outplant 2025-02-21, / HH_M_2,2/20/25,,,,SS195,1,1,,,,,
Outplant 2025-02-21, / HH_M_2,2/20/25,,,,SS197,1,1,,,,,
Outplant 2025-02-21, / HH_M_2,2/20/25,,,,SS217,1,1,,,,,
Outplant 2025-02-21, / HH_M_2,2/20/25,,,,SS213,1,1,,,,,
Outplant 2025-02-21, / HH_M_2,2/20/25,,,,SS370,1,1,,,,,
Outplant 2025-02-21, / HH_M_2,2/20/25,,,,SS687,1,1,,,,,
Outplant 2025-02-21, / HH_M_2,2/20/25,,,,SS688,1,1,,,,,
Outplant 2025-02-21, / HH_M_2,2/20/25,,,,SS689,1,1,,,,,
Outplant 2025-02-21, / HH_M_2,2/20/25,,,,SS690,1,1,,,,,
Outplant 2025-02-21, / HH_M_2,2/20/25,,,,SS691,1,1,,,,,
Outplant 2025-02-21, / HH_M_2,2/20/25,,,,SS692,1,1,,,,,
Outplant 2025-02-21, / HH_M_2,2/20/25,,,,SS693,1,1,,,,,
Outplant 2025-02-21, / HH_M_2,2/20/25,,,,SS694,1,1,,,,,
Outplant 2025-02-21, / HH_M_2,2/20/25,,,,SS695,1,1,,,,,
Outplant 2025-02-21, / HH_M_2,2/20/25,,,,SS696,1,1,,,,,
Outplant 2025-02-21, / HH_M_2,2/20/25,,,,SS697,1,1,,,,,
Outplant 2025-02-21, / HH_M_2,2/20/25,,,,SS316,1,1,,,,,
Outplant 2025-02-21, / HH_M_2,2/20/25,,,,SR212,1,1,,,,,
Outplant 2025-02-21, / HH_M_2,2/20/25,,,,SS486,1,1,,,,,
Outplant 2025-02-21, / HH_M_2,2/20/25,,,,SI188,1,1,,,,,
Outplant 2025-02-21, / HH_M_2,2/20/25,,,,SS476,1,1,,,,,
Outplant 2025-02-21, / HH_M_2,2/20/25,,,,SS478,1,1,,,,,
Outplant 2025-02-21, / HH_M_2,2/20/25,,,,SS324,1,1,,,,,
Outplant 2025-02-21, / HH_M_2,2/20/25,,,,SR111,1,1,,,,,
Outplant 2025-02-21, / HH_M_2,2/20/25,,,,SR112,1,1,,,,,
Outplant 2025-02-21, / HH_M_2,2/20/25,,,,SR113,1,1,,,,,
Outplant 2025-02-21, / HH_M_2,2/20/25,,,,SR114,1,1,,,,,
Outplant 2025-02-21, / HH_M_2,2/20/25,,,,SR115,1,1,,,,,
Outplant 2025-02-21, / HH_M_2,2/20/25,,,,SR116,1,1,,,,,
Outplant 2025-02-21, / HH_M_2,2/20/25,,,,SR117,1,1,,,,,
Outplant 2025-02-21, / HH_M_2,2/20/25,,,,SR118,1,1,,,,,
Outplant 2025-02-21, / HH_M_2,2/20/25,,,,SR119,1,1,,,,,
Outplant 2025-02-21, / HH_M_2,2/20/25,,,,SR121,1,1,,,,,
Outplant 2025-02-21, / HH_M_2,2/20/25,,,,SR122,1,1,,,,,
Outplant 2025-02-21, / HH_M_2,2/20/25,,,,SR123,1,1,,,,,
Outplant 2025-02-21, / HH_M_2,2/20/25,,,,SH42,1,1,,,,,
Outplant 2025-02-21, / HH_M_2,2/20/25,,,,SH43,1,1,,,,,
Outplant 2025-02-21, / HH_M_2,2/20/25,,,,SH44,1,1,,,,,
Outplant 2025-02-21, / HH_M_2,2/20/25,,,,SH45,1,1,,,,,
Outplant 2025-02-21, / HH_M_2,2/20/25,,,,SH46,1,1,,,,,
Outplant 2025-02-21, / HH_M_2,2/20/25,,,,SH47,1,1,,,,,
Outplant 2025-02-21, / HH_M_2,2/20/25,,,,SS654,1,1,,,,,
Outplant 2025-02-21, / HH_M_2,2/20/25,,,,SS655,1,1,,,,,
Outplant 2025-02-21, / HH_M_2,2/20/25,,,,SS656,1,1,,,,,
Outplant 2025-02-21, / HH_M_2,2/20/25,,,,SS657,1,1,,,,,
Outplant 2025-02-21, / HH_M_2,2/20/25,,,,SS658,1,1,,,,,
Outplant 2025-02-21, / HH_M_2,2/20/25,,,,SS659,1,1,,,,,
Outplant 2025-02-21, / HH_M_2,2/20/25,,,,SS660,1,1,,,,,
Outplant 2025-02-21, / HH_M_2,2/20/25,,,,SS661,1,1,,,,,
Outplant 2025-02-21, / HH_M_2,2/20/25,,,,SS662,1,1,,,,,
Outplant 2025-02-21, / HH_M_2,2/20/25,,,,SS663,1,1,,,,,
Outplant 2025-02-21, / HH_M_2,2/20/25,,,,SS664,1,1,,,,,
Outplant 2025-02-21, / HH_M_2,2/20/25,,,,SS665,1,1,,,,,
Outplant 2025-02-21, / HH_M_2,2/20/25,,,,SR51,1,1,,,,,
Outplant 2025-02-21, / HH_M_2,2/20/25,,,,SR47,1,1,,,,,
Outplant 2025-02-21, / HH_M_2,2/20/25,,,,SR53,1,1,,,,,
Outplant 2025-02-21, / HH_M_2,2/20/25,,,,SR57,1,1,,,,,
Outplant 2025-02-21, / HH_M_2,2/20/25,,,,SR55,1,1,,,,,
Outplant 2025-02-21, / HH_M_2,2/20/25,,,,SR49,1,1,,,,,
Outplant 2025-02-21, / HH_M_2,2/20/25,,,,SR52,1,1,,,,,
Outplant 2025-02-21, / HH_M_2,2/20/25,,,,SR37,1,1,,,,,
Outplant 2025-02-21, / HH_M_2,2/20/25,,,,SR194,1,1,,,,,
Outplant 2025-02-21, / HH_M_2,2/20/25,,,,SR195,1,1,,,,,
Outplant 2025-02-21, / HH_M_2,2/20/25,,,,SR83,1,1,,,,,
Outplant 2025-02-21, / HH_M_2,2/20/25,,,,SR129,1,1,,,,,
Outplant 2025-02-21, / HH_M_2,2/20/25,,,,SR127,1,1,,,,,
Outplant 2025-02-21, / HH_M_2,2/20/25,,,,SR125,1,1,,,,,
Outplant 2025-02-21, / HH_M_2,2/20/25,,,,SR132,1,1,,,,,
Outplant 2025-02-21, / HH_M_2,2/20/25,,,,SR185,1,1,,,,,
Outplant 2025-02-21, / HH_M_2,2/20/25,,,,SR186,1,1,,,,,
Outplant 2025-02-21, / HH_M_2,2/20/25,,,,SR182,1,1,,,,,
Outplant 2025-02-21, / HH_M_2,2/20/25,,,,SR184,1,1,,,,,
Outplant 2025-02-21, / HH_M_2,2/20/25,,,,SS676,1,1,,,,,
Outplant 2025-02-21, / HH_M_2,2/20/25,,,,SS677,1,1,,,,,
Outplant 2025-02-21, / HH_M_2,2/20/25,,,,SS678,1,1,,,,,
Outplant 2025-02-21, / HH_M_2,2/20/25,,,,SS679,1,1,,,,,
Outplant 2025-02-21, / HH_M_2,2/20/25,,,,SS680,1,1,,,,,
Outplant 2025-02-21, / HH_M_2,2/20/25,,,,SS681,1,1,,,,,
Outplant 2025-02-21, / HH_M_2,2/20/25,,,,SS682,1,1,,,,,
Outplant 2025-02-21, / HH_M_2,2/20/25,,,,SS683,1,1,,,,,
Outplant 2025-02-21, / HH_M_2,2/20/25,,,,SS684,1,1,,,,,
Outplant 2025-02-21, / HH_M_2,2/20/25,,,,SS685,1,1,,,,,
Outplant 2025-02-21, / HH_M_2,2/20/25,,,,SS686,1,1,,,,,
Outplant 2025-02-21, / HH_M_2,2/20/25,,,,SI181,1,1,,,,,
Outplant 2025-02-21, / HH_M_2,2/20/25,,,,SI182,1,1,,,,,
Outplant 2025-02-21, / HH_M_2,2/20/25,,,,SI183,1,1,,,,,
Outplant 2025-02-21, / HH_M_2,2/20/25,,,,SR211,1,1,,,,,
Outplant 2025-02-21, / HH_M_2,2/20/25,,,,SR214,1,1,,,,,
Outplant 2025-02-21, / HH_M_2,2/20/25,,,,SR215,1,1,,,,,
Outplant 2025-02-21, / HH_M_2,2/20/25,,,,SR216,1,1,,,,,
Outplant 2025-02-21, / HH_M_2,2/20/25,,,,SI15,6,6,,,,,
Outplant 2025-02-21, / HH_M_2,2/20/25,,,,SR148,6,6,,,,,
Outplant 2025-02-21, / HH_M_2,2/20/25,,,,SR191,6,6,,,,,
Outplant 2025-02-21, / HH_M_2,2/20/25,,,,SR73,6,6,,,,,
Outplant 2025-02-21, / HH_M_2,2/20/25,,,,SI104,6,6,,,,,
Outplant 2025-02-21, / HH_M_2,2/20/25,,,,SI115,6,6,,,,,
Outplant 2025-02-21, / HH_M_2,2/20/25,,,,SI163,6,6,,,,,
Outplant 2025-02-21, / HH_M_2,2/20/25,,,,SI86,6,6,,,,,
Outplant 2025-02-21, / HH_M_2,2/20/25,,,,SR164,6,6,,,,,
Outplant 2025-02-21, / HH_M_2,2/20/25,,,,SR60,1,1,,,,,
Outplant 2025-02-21, / HH_M_2,2/20/25,,,,SR108,1,1,,,,,
Outplant 2025-02-21, / HH_M_2,2/20/25,,,,SR98,1,1,,,,,
Outplant 2025-02-21, / HH_M_2,2/20/25,,,,SR99,1,1,,,,,
Outplant 2025-02-21, / HH_M_2,2/20/25,,,,SR102,1,1,,,,,
Outplant 2025-02-21, / HH_M_2,2/20/25,,,,SR105,1,1,,,,,
Outplant 2025-02-21, / HH_M_2,2/20/25,,,,SS296,1,1,,,,,
Outplant 2025-02-21, / HH_M_2,2/20/25,,,,SS292,1,1,,,,,
Outplant 2025-02-21, / HH_M_2,2/20/25,,,,SS90,1,1,,,,,
Outplant 2025-02-21, / HH_M_2,2/20/25,,,,SI186,6,6,,,,,
Outplant 2025-02-21, / HH_M_2,2/20/25,,,,SI190,6,6,,,,,
Outplant 2025-02-21, / HH_M_2,2/20/25,,,,SI195,6,6,,,,,
Outplant 2025-02-21, / HH_M_2,2/20/25,,,,SS473,6,6,,,,,
Outplant 2025-02-21, / HH_M_2,2/20/25,,,,SI99,1,1,,,,,
Outplant 2025-02-21, / HH_M_2,2/20/25,,,,SI100,1,1,,,,,
Outplant 2025-02-21, / HH_M_2,2/20/25,,,,SI101,1,1,,,,,
Outplant 2025-02-21, / HH_M_2,2/20/25,,,,SI103,1,1,,,,,
Outplant 2025-02-21, / HH_M_2,2/20/25,,,,SI105,1,1,,,,,
Outplant 2025-02-21, / HH_M_2,2/20/25,,,,SI106,1,1,,,,,
Outplant 2025-02-21, / HH_M_2,2/20/25,,,,SI107,1,1,,,,,
Outplant 2025-02-21, / HH_M_2,2/20/25,,,,SI164,1,1,,,,,
Outplant 2025-02-21, / HH_M_2,2/20/25,,,,SI168,1,1,,,,,
Outplant 2025-02-21, / HH_M_2,2/20/25,,,,SI167,1,1,,,,,
Outplant 2025-02-21, / HH_M_2,2/20/25,,,,SS291,1,1,,,,,
Outplant 2025-02-21, / HH_M_2,2/20/25,,,,SS298,1,1,,,,,
Outplant 2025-02-21, / HH_M_2,2/20/25,,,,SS293,1,1,,,,,
Outplant 2025-02-21, / HH_M_2,2/20/25,,,,SS289,1,1,,,,,
Outplant 2025-02-21, / HH_M_2,2/20/25,,,,SS295,1,1,,,,,
Outplant 2025-02-21, / HH_M_2,2/20/25,,,,SI123,1,1,,,,,
Outplant 2025-02-21, / HH_M_2,2/20/25,,,,SI124,1,1,,,,,
Outplant 2025-02-21, / HH_M_2,2/20/25,,,,SI125,1,1,,,,,
Outplant 2025-02-21, / HH_M_2,2/20/25,,,,SI126,1,1,,,,,
Outplant 2025-02-21, / HH_M_2,2/20/25,,,,SI127,1,1,,,,,
Outplant 2025-02-21, / HH_M_2,2/20/25,,,,SI128,1,1,,,,,
Outplant 2025-02-21, / HH_M_2,2/20/25,,,,SI129,1,1,,,,,
Outplant 2025-02-21, / HH_M_2,2/20/25,,,,SI130,1,1,,,,,
Outplant 2025-02-21, / HH_M_2,2/20/25,,,,SI131,1,1,,,,,
Outplant 2025-02-21, / HH_M_2,2/20/25,,,,SI132,1,1,,,,,
Outplant 2025-02-21, / HH_M_2,2/20/25,,,,SS423,1,1,,,,,
Outplant 2025-02-21, / HH_M_2,2/20/25,,,,SS431,1,1,,,,,
Outplant 2025-02-21, / HH_M_2,2/20/25,,,,SS442,1,1,,,,,
Outplant 2025-02-21, / HH_M_2,2/20/25,,,,SS454,1,1,,,,,
Outplant 2025-02-21, / HH_M_2,2/20/25,,,,SS450,1,1,,,,,
Outplant 2025-02-21, / HH_M_2,2/20/25,,,,SS430,1,1,,,,,
Outplant 2025-02-21, / HH_M_2,2/20/25,,,,SS420,1,1,,,,,
Outplant 2025-02-21, / HH_M_2,2/20/25,,,,SR334,1,1,,,,,
Outplant 2025-02-21, / HH_M_2,2/20/25,,,,SR315,1,1,,,,,
Outplant 2025-02-21, / HH_M_2,2/20/25,,,,SR329,1,1,,,,,
Outplant 2025-02-21, / HH_M_2,2/20/25,,,,SR337,1,1,,,,,
Outplant 2025-02-21, / HH_M_2,2/20/25,,,,SR331,1,1,,,,,
Outplant 2025-02-21, / HH_M_2,2/20/25,,,,SS698,1,1,,,,,
Outplant 2025-02-21, / HH_M_2,2/20/25,,,,SS699,1,1,,,,,
Outplant 2025-02-21, / HH_M_2,2/20/25,,,,SS700,1,1,,,,,
Outplant 2025-02-21, / HH_M_2,2/20/25,,,,SS701,1,1,,,,,
Outplant 2025-02-21, / HH_M_2,2/20/25,,,,SS702,1,1,,,,,
Outplant 2025-02-21, / HH_M_2,2/20/25,,,,SS703,1,1,,,,,
Outplant 2025-02-21, / HH_M_2,2/20/25,,,,SS704,1,1,,,,,
Outplant 2025-02-21, / HH_M_2,2/20/25,,,,SR163,1,1,,,,,
Outplant 2025-02-21, / HH_M_2,2/20/25,,,,SR165,1,1,,,,,
Outplant 2025-02-21, / HH_M_2,2/20/25,,,,SR166,1,1,,,,,
Outplant 2025-02-21, / HH_M_2,2/20/25,,,,SR167,1,1,,,,,
Outplant 2025-02-21, / HH_M_2,2/20/25,,,,SR168,1,1,,,,,
Outplant 2025-02-21, / HH_M_2,2/20/25,,,,SR145,1,1,,,,,
Outplant 2025-02-21, / HH_M_2,2/20/25,,,,SR149,1,1,,,,,
Outplant 2025-02-21, / HH_M_2,2/20/25,,,,SR151,1,1,,,,,
Outplant 2025-02-21, / HH_M_2,2/20/25,,,,SI87,1,1,,,,,
Outplant 2025-02-21, / HH_M_2,2/20/25,,,,SI91,1,1,,,,,
Outplant 2025-02-21, / HH_M_2,2/20/25,,,,SI89,1,1,,,,,
Outplant 2025-02-21, / HH_M_2,2/20/25,,,,SI97,1,1,,,,,
Outplant 2025-02-21, / HH_M_2,2/20/25,,,,SI92,1,1,,,,,
Outplant 2025-02-21, / HH_M_2,2/20/25,,,,SI96,1,1,,,,,
Outplant 2025-02-21, / HH_M_2,2/20/25,,,,SI94,1,1,,,,,
Outplant 2025-02-21, / HH_M_2,2/20/25,,,,SI93,1,1,,,,,
Outplant 2025-02-21, / HH_M_2,2/20/25,,,,SI95,1,1,,,,,
Outplant 2025-02-21, / HH_M_2,2/20/25,,,,SI90,1,1,,,,,
Outplant 2025-02-21, / HH_M_2,2/20/25,,,,SI88,1,1,,,,,
Outplant 2025-02-21, / HH_M_2,2/20/25,,,,SH51,1,1,,,,,
Outplant 2025-02-21, / HH_M_2,2/20/25,,,,SH52,1,1,,,,,
Outplant 2025-02-21, / HH_M_2,2/20/25,,,,SH53,1,1,,,,,
Outplant 2025-02-21, / HH_M_2,2/20/25,,,,SH54,1,1,,,,,
Outplant 2025-02-21, / HH_M_2,2/20/25,,,,SH55,1,1,,,,,
Outplant 2025-02-21, / HH_M_2,2/20/25,,,,SH56,1,1,,,,,
Outplant 2025-02-21, / HH_M_2,2/20/25,,,,SH57,1,1,,,,,
Outplant 2025-02-21, / HH_M_2,2/20/25,,,,SH58,1,1,,,,,
Outplant 2025-02-21, / HH_M_2,2/20/25,,,,SS558,1,1,,,,,
Outplant 2025-02-21, / HH_M_2,2/20/25,,,,SS559,1,1,,,,,
Outplant 2025-02-21, / HH_M_2,2/20/25,,,,SS560,1,1,,,,,
Outplant 2025-02-21, / HH_M_2,2/20/25,,,,SS561,1,1,,,,,
Outplant 2025-02-21, / HH_M_2,2/20/25,,,,SS562,1,1,,,,,
Outplant 2025-02-21, / HH_M_2,2/20/25,,,,SS563,1,1,,,,,
Outplant 2025-02-21, / HH_M_2,2/20/25,,,,SS564,1,1,,,,,
Outplant 2025-02-21, / HH_M_2,2/20/25,,,,SS565,1,1,,,,,
Outplant 2025-02-21, / HH_M_2,2/20/25,,,,SS566,1,1,,,,,
Outplant 2025-02-21, / HH_M_2,2/20/25,,,,SS567,1,1,,,,,
Outplant 2025-02-21, / HH_M_2,2/20/25,,,,SS568,1,1,,,,,
Outplant 2025-02-21, / HH_M_2,2/20/25,,,,SS569,1,1,,,,,
Outplant 2025-02-21, / HH_M_2,2/20/25,,,,SS570,1,1,,,,,
Outplant 2025-02-21, / HH_M_2,2/20/25,,,,SS571,1,1,,,,,
Outplant 2025-02-21, / HH_M_2,2/20/25,,,,SS572,1,1,,,,,
Outplant 2025-02-21, / HH_M_2,2/20/25,,,,SS259,6,6,,,,,
Outplant 2025-02-21, / HH_M_2,2/20/25,,,,SS266,6,6,,,,,
Outplant 2025-02-21, / HH_M_2,2/20/25,,,,SS279,6,6,,,,,
Outplant 2025-02-21, / HH_M_2,2/20/25,,,,SS267,6,6,,,,,
Outplant 2025-02-21, / HH_M_2,2/20/25,,,,SS287,6,6,,,,,
Outplant 2025-02-21, / HH_M_2,2/20/25,,,,SI62,6,6,,,,,
Outplant 2025-02-21, / HH_M_2,2/20/25,,,,SI63,6,6,,,,,
Outplant 2025-02-21, / HH_M_2,2/20/25,,,,SI64,6,6,,,,,
Outplant 2025-02-21, / HH_M_2,2/20/25,,,,SI68,6,6,,,,,
Outplant 2025-02-21, / HH_M_2,2/20/25,,,,SI71,6,6,,,,,
Outplant 2025-02-21, / HH_M_2,2/20/25,,,,SS260,6,6,,,,,
Outplant 2025-02-21, / HH_M_2,2/20/25,,,,SS262,6,6,,,,,
Outplant 2025-02-21, / HH_M_2,2/20/25,,,,SS264,6,6,,,,,
Outplant 2025-02-21, / HH_M_2,2/20/25,,,,SS273,6,6,,,,,
Outplant 2025-02-21, / HH_M_2,2/20/25,,,,SS277,6,6,,,,,
Outplant 2025-02-21, / HH_M_2,2/20/25,,,,SI55,6,6,,,,,
Outplant 2025-02-21, / HH_M_2,2/20/25,,,,SI56,6,6,,,,,
Outplant 2025-02-21, / HH_M_2,2/20/25,,,,SS129,6,6,,,,,
Outplant 2025-02-21, / HH_M_2,2/20/25,,,,SR19,6,6,,,,,
Outplant 2025-02-21, / HH_M_2,2/20/25,,,,SS130,6,6,,,,,
Outplant 2025-02-21, / HH_M_2,2/20/25,,,,SR65,1,1,,,,,
Outplant 2025-02-21, / HH_M_2,2/20/25,,,,SI147,1,1,,,,,
Outplant 2025-02-21, / HH_M_2,2/20/25,,,,SS310,6,6,,,,,
Outplant 2025-02-21, / HH_M_2,2/20/25,,,,SS261,6,6,,,,,
Outplant 2025-02-21, / HH_M_2,2/20/25,,,,SS268,6,6,,,,,
Outplant 2025-02-21, / HH_M_2,2/20/25,,,,SS272,6,6,,,,,
Outplant 2025-02-21, / HH_M_2,2/20/25,,,,SS276,6,6,,,,,
Outplant 2025-02-21, / HH_M_2,2/20/25,,,,SS280,6,6,,,,,
Outplant 2025-02-21, / HH_M_2,2/20/25,,,,SS283,6,6,,,,,
Outplant 2025-02-21, / HH_M_2,2/20/25,,,,SS286,6,6,,,,,
Outplant 2025-02-21, / HH_M_2,2/20/25,,,,SR138,6,6,,,,,
Outplant 2025-02-21, / HH_M_2,2/20/25,,,,SI60,6,6,,,,,
Outplant 2025-02-21, / HH_M_2,2/20/25,,,,SI133,6,6,,,,,
Outplant 2025-02-21, / HH_M_2,2/20/25,,,,SI138,6,6,,,,,
Outplant 2025-02-21, / HH_M_2,2/20/25,,,,SR76,6,6,,,,,
Outplant 2025-02-21, / HH_M_2,2/20/25,,,,SS312,1,1,,,,,
Outplant 2025-02-21, / HH_M_2,2/20/25,,,,SS313,1,1,,,,,
Outplant 2025-02-21, / HH_M_2,2/20/25,,,,SS317,1,1,,,,,
Outplant 2025-02-21, / HH_M_2,2/20/25,,,,SS318,1,1,,,,,
Outplant 2025-02-21, / HH_M_2,2/20/25,,,,SS323,1,1,,,,,
Outplant 2025-02-21, / HH_M_2,2/20/25,,,,SS331,1,1,,,,,
Outplant 2025-02-21, / HH_M_2,2/20/25,,,,SS666,1,1,,,,,
Outplant 2025-02-21, / HH_M_2,2/20/25,,,,SS667,1,1,,,,,
Outplant 2025-02-21, / HH_M_2,2/20/25,,,,SS668,1,1,,,,,
Outplant 2025-02-21, / HH_M_2,2/20/25,,,,SS669,1,1,,,,,
Outplant 2025-02-21, / HH_M_2,2/20/25,,,,SS670,1,1,,,,,
Outplant 2025-02-21, / HH_M_2,2/20/25,,,,SS671,1,1,,,,,
Outplant 2025-02-21, / HH_M_2,2/20/25,,,,SS672,1,1,,,,,
Outplant 2025-02-21, / HH_M_2,2/20/25,,,,SS673,1,1,,,,,
Outplant 2025-02-21, / HH_M_2,2/20/25,,,,SS674,1,1,,,,,
Outplant 2025-02-21, / HH_M_2,2/20/25,,,,SS675,1,1,,,,,
Outplant 2025-02-21, / HH_M_2,2/20/25,,,,SI134,6,6,,,,,
Outplant 2025-02-21, / HH_M_2,2/20/25,,,,SI135,6,6,,,,,
Outplant 2025-02-21, / HH_M_2,2/20/25,,,,SI145,6,6,,,,,
Outplant 2025-02-21, / HH_M_2,2/20/25,,,,SI136,6,6,,,,,
Outplant 2025-02-21, / HH_M_2,2/20/25,,,,SI142,6,6,,,,,
Outplant 2025-02-21, / HH_M_2,2/20/25,,,,SS715,6,6,,,,,
Outplant 2025-02-21, / HH_M_2,2/20/25,,,,SS716,6,6,,,,,
Outplant 2025-02-21, / HH_M_2,2/20/25,,,,SS717,6,6,,,,,
Outplant 2025-02-21, / HH_M_2,2/20/25,,,,SS718,6,6,,,,,
Outplant 2025-02-21, / HH_M_2,2/20/25,,,,SS719,6,6,,,,,
Outplant 2025-02-21, / HH_M_2,2/20/25,,,,SS720,6,6,,,,,
Outplant 2025-02-21, / HH_M_2,2/20/25,,,,SS713,6,6,,,,,
Outplant 2025-02-21, / HH_M_2,2/20/25,,,,SS714,6,6,,,,,
Outplant 2025-02-21, / HH_M_2,2/20/25,,,,SS314,1,1,,,,,
Outplant 2025-02-21, / HH_M_2,2/20/25,,,,SS320,1,1,,,,,
Outplant 2025-02-21, / HH_M_2,2/20/25,,,,SS499,1,1,,,,,
Outplant 2025-02-21, / HH_M_2,2/20/25,,,,SS502,1,1,,,,,
Outplant 2025-02-21, / HH_M_2,2/20/25,,,,SI185,1,1,,,,,
Outplant 2025-02-21, / HH_M_2,2/20/25,,,,SR207,1,1,,,,,
Outplant 2025-02-21, / HH_M_2,2/20/25,,,,SS311,1,1,,,,,
Outplant 2025-06-08,American Shoal / BIL_Q_P003,6/7/25,24.52172,-81.5239,BIL Year 1,CN19,10,10,,,,,
Outplant 2025-06-08,American Shoal / BIL_Q_P003,6/7/25,24.52172,-81.5239,BIL Year 1,DL186,10,10,,,,,
Outplant 2025-06-08,American Shoal / BIL_Q_P003,6/7/25,24.52172,-81.5239,BIL Year 1,MC112,10,10,,,,,
Outplant 2025-06-08,American Shoal / BIL_Q_P003,6/7/25,24.52172,-81.5239,BIL Year 1,MC62,10,10,,,,,
Outplant 2025-06-08,American Shoal / BIL_Q_P003,6/7/25,24.52172,-81.5239,BIL Year 1,OF977,10,10,,,,,
Outplant 2025-06-08,American Shoal / BIL_Q_P003,6/7/25,24.52172,-81.5239,BIL Year 1,OF980,10,10,,,,,
Outplant 2025-06-08,American Shoal / BIL_Q_P003,6/7/25,24.52172,-81.5239,BIL Year 1,OF983,10,10,,,,,
Outplant 2025-06-08,American Shoal / BIL_Q_P003,6/7/25,24.52172,-81.5239,BIL Year 1,OF988,10,10,,,,,
Outplant 2025-06-08,American Shoal / BIL_Q_P003,6/7/25,24.52172,-81.5239,BIL Year 1,PC18,10,10,,,,,
Outplant 2025-06-08,American Shoal / BIL_Q_P003,6/7/25,24.52172,-81.5239,BIL Year 1,PS32,10,10,,,,,
Outplant 2025-06-08,American Shoal / BIL_Q_P003,6/7/25,24.52172,-81.5239,BIL Year 1,AC3,20,20,,,,,
Outplant 2025-06-08,American Shoal / BIL_Q_P003,6/7/25,24.52172,-81.5239,BIL Year 1,AC31,20,20,,,,,
Outplant 2025-06-08,American Shoal / BIL_Q_P003,6/7/25,24.52172,-81.5239,BIL Year 1,AC34,20,20,,,,,
Outplant 2025-06-08,American Shoal / BIL_Q_P003,6/7/25,24.52172,-81.5239,BIL Year 1,AC58,20,20,,,,,
Outplant 2025-06-08,American Shoal / BIL_Q_P003,6/7/25,24.52172,-81.5239,BIL Year 1,AC62,20,20,,,,,
Outplant 2025-06-08,American Shoal / BIL_Q_P003,6/7/25,24.52172,-81.5239,BIL Year 1,AC75,20,20,,,,,
Outplant 2025-06-08,American Shoal / BIL_Q_P003,6/7/25,24.52172,-81.5239,BIL Year 1,AC80,20,20,,,,,
Outplant 2025-06-08,American Shoal / BIL_Q_P003,6/7/25,24.52172,-81.5239,BIL Year 1,AC1287,20,20,,,,,
Outplant 2025-06-08,American Shoal / BIL_Q_P003,6/7/25,24.52172,-81.5239,BIL Year 1,AC1962,20,20,,,,,
Outplant 2025-06-08,American Shoal / BIL_Q_P003,6/7/25,24.52172,-81.5239,BIL Year 1,AC2627,20,20,,,,,
Outplant 2025-06-08,American Shoal  / BIL_Q_P004,6/7/25,24.52172,-81.5236,BIL Year 1,CN19,10,10,,,,,
Outplant 2025-06-08,American Shoal  / BIL_Q_P004,6/7/25,24.52172,-81.5236,BIL Year 1,DL186,10,10,,,,,
Outplant 2025-06-08,American Shoal  / BIL_Q_P004,6/7/25,24.52172,-81.5236,BIL Year 1,MC112,10,10,,,,,
Outplant 2025-06-08,American Shoal  / BIL_Q_P004,6/7/25,24.52172,-81.5236,BIL Year 1,MC62,10,10,,,,,
Outplant 2025-06-08,American Shoal  / BIL_Q_P004,6/7/25,24.52172,-81.5236,BIL Year 1,OF977,10,10,,,,,
Outplant 2025-06-08,American Shoal  / BIL_Q_P004,6/7/25,24.52172,-81.5236,BIL Year 1,OF980,10,10,,,,,
Outplant 2025-06-08,American Shoal  / BIL_Q_P004,6/7/25,24.52172,-81.5236,BIL Year 1,OF983,10,10,,,,,
Outplant 2025-06-08,American Shoal  / BIL_Q_P004,6/7/25,24.52172,-81.5236,BIL Year 1,OF988,10,10,,,,,
Outplant 2025-06-08,American Shoal  / BIL_Q_P004,6/7/25,24.52172,-81.5236,BIL Year 1,PC18,10,10,,,,,
Outplant 2025-06-08,American Shoal  / BIL_Q_P004,6/7/25,24.52172,-81.5236,BIL Year 1,PS32,10,10,,,,,
Outplant 2025-06-08,American Shoal  / BIL_Q_P004,6/7/25,24.52172,-81.5236,BIL Year 1,AC3,20,20,,,,,
Outplant 2025-06-08,American Shoal  / BIL_Q_P004,6/7/25,24.52172,-81.5236,BIL Year 1,AC31,20,20,,,,,
Outplant 2025-06-08,American Shoal  / BIL_Q_P004,6/7/25,24.52172,-81.5236,BIL Year 1,AC34,20,20,,,,,
Outplant 2025-06-08,American Shoal  / BIL_Q_P004,6/7/25,24.52172,-81.5236,BIL Year 1,AC58,20,20,,,,,
Outplant 2025-06-08,American Shoal  / BIL_Q_P004,6/7/25,24.52172,-81.5236,BIL Year 1,AC62,20,20,,,,,
Outplant 2025-06-08,American Shoal  / BIL_Q_P004,6/7/25,24.52172,-81.5236,BIL Year 1,AC75,20,20,,,,,
Outplant 2025-06-08,American Shoal  / BIL_Q_P004,6/7/25,24.52172,-81.5236,BIL Year 1,AC80,20,20,,,,,
Outplant 2025-06-08,American Shoal  / BIL_Q_P004,6/7/25,24.52172,-81.5236,BIL Year 1,AC1287,20,20,,,,,
Outplant 2025-06-08,American Shoal  / BIL_Q_P004,6/7/25,24.52172,-81.5236,BIL Year 1,AC1962,20,20,,,,,
Outplant 2025-06-08,American Shoal  / BIL_Q_P004,6/7/25,24.52172,-81.5236,BIL Year 1,AC2627,20,20,,,,,
Outplant 2025-03-26, / Looe Key-Corwin ,3/25/25,24.54644,-81.40206,State Year 8,AC62,50,50,,,,,
Outplant 2025-03-26, / Looe Key-Corwin ,3/25/25,24.54644,-81.40206,State Year 8,AC75,50,50,,,,,
Outplant 2025-03-26, / Looe Key-Corwin ,3/25/25,24.54644,-81.40206,State Year 8,MC75,20,20,,,,,
Outplant 2025-03-26, / Looe Key-Corwin ,3/25/25,24.54644,-81.40206,State Year 8,MC1,20,20,,,,24.53116,-81.4846
Outplant 2025-03-26, / Looe Key-Corwin ,3/25/25,24.54644,-81.40206,State Year 8,PC38,10,10,,,,24.53109,-81.48502
Outplant 2025-03-26, / Looe Key-Corwin ,3/25/25,24.54644,-81.40206,State Year 8,MC108,20,20,,,,24.52757,-81.49843
Outplant 2025-03-26, / Looe Key-Corwin ,3/25/25,24.54644,-81.40206,State Year 8,OF924,10,10,,,,,
Outplant 2025-03-26, / Looe Key-Corwin ,3/25/25,24.54644,-81.40206,State Year 8,CN31,10,10,,,,,
Outplant 2025-03-26, / Looe Key-Corwin ,3/25/25,24.54644,-81.40206,State Year 8,CN30,10,10,,,,,
Outplant 2025-03-26, / Looe Key-Corwin ,3/25/25,24.54644,-81.40206,State Year 8,PC28,10,10,,,,,
Outplant 2025-03-26, / Looe Key-Corwin ,3/25/25,24.54644,-81.40206,State Year 8,CN7,10,10,,,,,
Outplant 2025-03-26, / Looe Key-Corwin ,3/25/25,24.54644,-81.40206,State Year 8,CN8,10,10,,,,,
Outplant 2025-03-26, / Looe Key-Corwin ,3/25/25,24.54644,-81.40206,State Year 8,PC39,20,20,,,,,
Outplant 2025-01-30, / IC-Z2,1/29/25,24.5274,-81.499,State Year 8,CN80,40,40,,,,,
Outplant 2025-01-30, / IC-Z2,1/29/25,24.5274,-81.499,State Year 8,PS33,31,31,,,,,
Outplant 2025-01-30, / IC-Z2,1/29/25,24.5274,-81.499,State Year 8,PC56,60,60,,,,,
Outplant 2025-01-30, / IC-Z2,1/29/25,24.5274,-81.499,State Year 8,DL165,10,10,,,,,
Outplant 2025-01-30, / IC-Z2,1/29/25,24.5274,-81.499,State Year 8,PS5,10,10,,,,,
Outplant 2025-01-30, / IC-Z2,1/29/25,24.5274,-81.499,State Year 8,DL201,20,20,,,,,
Outplant 2025-01-30, / IC-Z2,1/29/25,24.5274,-81.499,State Year 8,PC19,79,79,,,,,
Outplant 2025-01-30, / IC-Z2,1/29/25,24.5274,-81.499,State Year 8,MC102,10,10,,,,,
Outplant 2025-01-30, / IC-Z2,1/29/25,24.5274,-81.499,State Year 8,OF1005,50,50,,,,,
Outplant 2025-01-30, / IC-Z2,1/29/25,24.5274,-81.499,State Year 8,OF977,50,50,,,,,
Outplant 2025-01-30, / IC-Z2,1/29/25,24.5274,-81.499,State Year 8,OF990,50,50,,,,,
Outplant 2025-01-30, / IC-Z2,1/29/25,24.5274,-81.499,State Year 8,PS49,50,50,,,,,
Outplant 2025-01-30, / IC-Z2,1/29/25,24.5274,-81.499,State Year 8,OF993,80,80,,,,,
Outplant 2025-01-30, / IC-Z2,1/29/25,24.5274,-81.499,State Year 8,OF995,100,100,,,,,
Outplant 2025-01-30, / IC-Z2,1/29/25,24.5274,-81.499,State Year 8,CN21,50,50,,,,,
Outplant 2025-01-30, / IC-Z2,1/29/25,24.5274,-81.499,State Year 8,CN18,30,30,,,,,
Outplant 2025-01-30, / IC-Z2,1/29/25,24.5274,-81.499,State Year 8,DL166,30,30,,,,,
Outplant 2025-01-30, / IC-Z2,1/29/25,24.5274,-81.499,State Year 8,MC75,10,10,,,,,
Outplant 2025-01-30, / IC-Z2,1/29/25,24.5274,-81.499,State Year 8,MC95,10,10,,,,,
Outplant 2025-01-30, / IC-Z2,1/29/25,24.5274,-81.499,State Year 8,MC71,10,10,,,,,
Outplant 2025-01-30, / IC-Z2,1/29/25,24.5274,-81.499,State Year 8,MC11,10,10,,,,,
Outplant 2025-01-30, / IC-Z2,1/29/25,24.5274,-81.499,State Year 8,PC55,50,50,,,,,
Outplant 2025-01-30, / IC-Z2,1/29/25,24.5274,-81.499,State Year 8,OF985,40,40,,,,,
Outplant 2025-01-30, / IC-Z2,1/29/25,24.5274,-81.499,State Year 8,MC111,50,50,,,,,
Outplant 2025-01-30, / IC-Z2,1/29/25,24.5274,-81.499,State Year 8,MC107,50,50,,,,,
Outplant 2025-04-09,Tennessee Reef / TN-2,4/8/25,24.776099,-80.736465,State Year 8,PA52,9,9,,,,,
Outplant 2025-04-09,Tennessee Reef / TN-2,4/8/25,24.776099,-80.736465,State Year 8,PA109,18,18,,,,,
Outplant 2025-04-09,Tennessee Reef / TN-2,4/8/25,24.776099,-80.736465,State Year 8,PA32,10,10,,,,,
Outplant 2025-04-09,Tennessee Reef / TN-2,4/8/25,24.776099,-80.736465,State Year 8,PA357,8,8,,,,,
Outplant 2025-04-09,Tennessee Reef / TN-2,4/8/25,24.776099,-80.736465,State Year 8,PA29,10,10,,,,,
Outplant 2025-04-09,Tennessee Reef / TN-2,4/8/25,24.776099,-80.736465,State Year 8,SS270,20,20,,,,,
Outplant 2025-04-09,Tennessee Reef / TN-2,4/8/25,24.776099,-80.736465,State Year 8,PA91,10,10,,,,,
Outplant 2025-04-09,Tennessee Reef / TN-2,4/8/25,24.776099,-80.736465,State Year 8,SR87,10,10,,,,,
Outplant 2025-04-09,Tennessee Reef / TN-2,4/8/25,24.776099,-80.736465,State Year 8,PA360,10,10,,,,,
Outplant 2025-04-09,Tennessee Reef / TN-2,4/8/25,24.776099,-80.736465,State Year 8,SB32,160,160,,,,,
Outplant 2025-04-09,Tennessee Reef / TN-2,4/8/25,24.776099,-80.736465,State Year 8,PA384,20,20,,,,,
Outplant 2025-04-09,Tennessee Reef / TN-2,4/8/25,24.776099,-80.736465,State Year 8,PA93,40,40,,,,,
Outplant 2025-04-09,Tennessee Reef / TN-2,4/8/25,24.776099,-80.736465,State Year 8,PA33,10,10,,,,,
Outplant 2025-04-09,Tennessee Reef / TN-2,4/8/25,24.776099,-80.736465,State Year 8,SR223,20,20,,,,,
Outplant 2025-04-09,Tennessee Reef / TN-2,4/8/25,24.776099,-80.736465,State Year 8,PA371,36,36,,,,,
Outplant 2025-04-09,Tennessee Reef / TN-2,4/8/25,24.776099,-80.736465,State Year 8,PA400,10,10,,,,,
Outplant 2025-04-09,Tennessee Reef / TN-2,4/8/25,24.776099,-80.736465,State Year 8,PA398,10,10,,,,,
Outplant 2025-04-09,Tennessee Reef / TN-2,4/8/25,24.776099,-80.736465,State Year 8,PA399,20,20,,,,,
Outplant 2025-04-09,Tennessee Reef / TN-2,4/8/25,24.776099,-80.736465,State Year 8,SR370,10,10,,,,,
Outplant 2025-04-09,Tennessee Reef / TN-2,4/8/25,24.776099,-80.736465,State Year 8,PA388,20,20,,,,,
Outplant 2025-04-09,Tennessee Reef / TN-2,4/8/25,24.776099,-80.736465,State Year 8,PA395,8,8,,,,,
Outplant 2025-04-09,Tennessee Reef / TN-2,4/8/25,24.776099,-80.736465,State Year 8,PA383,20,20,,,,,
Outplant 2025-04-09,Tennessee Reef / TN-2,4/8/25,24.776099,-80.736465,State Year 8,SR225,10,10,,,,,
Outplant 2025-04-09,Tennessee Reef / TN-2,4/8/25,24.776099,-80.736465,State Year 8,SR11,10,10,,,,,
Outplant 2025-04-09,Tennessee Reef / TN-2,4/8/25,24.776099,-80.736465,State Year 8,SR18,10,10,,,,,
Outplant 2025-04-09,Tennessee Reef / TN-2,4/8/25,24.776099,-80.736465,State Year 8,SR13,10,10,,,,,
Outplant 2025-04-09,Tennessee Reef / TN-2,4/8/25,24.776099,-80.736465,State Year 8,SR477,20,20,,,,,
Outplant 2025-04-09,Tennessee Reef / TN-2,4/8/25,24.776099,-80.736465,State Year 8,SR221,15,15,,,,,
Outplant 2025-04-09,Tennessee Reef / TN-2,4/8/25,24.776099,-80.736465,State Year 8,SR17,30,30,,,,,
Outplant 2025-04-09,Tennessee Reef / TN-2,4/8/25,24.776099,-80.736465,State Year 8,SI236,20,20,,,,,
Outplant 2025-04-09,Tennessee Reef / TN-2,4/8/25,24.776099,-80.736465,State Year 8,SR90,10,10,,,,,
Outplant 2025-04-09,Tennessee Reef / TN-2,4/8/25,24.776099,-80.736465,State Year 8,SR355,40,40,,,,,
Outplant 2025-04-09,Tennessee Reef / TN-2,4/8/25,24.776099,-80.736465,State Year 8,SS89,30,30,,,,,
Outplant 2025-04-09,Tennessee Reef / TN-2,4/8/25,24.776099,-80.736465,State Year 8,SS149,10,10,,,,,
Outplant 2025-04-09,Tennessee Reef / TN-2,4/8/25,24.776099,-80.736465,State Year 8,SR314,30,30,,,,,
Outplant 2025-04-09,Tennessee Reef / TN-2,4/8/25,24.776099,-80.736465,State Year 8,SR269,10,10,,,,,
Outplant 2025-04-09,Tennessee Reef / TN-2,4/8/25,24.776099,-80.736465,State Year 8,SI208,10,10,,,,,
Outplant 2025-04-09,Tennessee Reef / TN-2,4/8/25,24.776099,-80.736465,State Year 8,SI209,10,10,,,,,
Outplant 2025-04-09,Tennessee Reef / TN-2,4/8/25,24.776099,-80.736465,State Year 8,SI207,10,10,,,,,
Outplant 2025-04-09,Tennessee Reef / TN-2,4/8/25,24.776099,-80.736465,State Year 8,SI167,10,10,,,,,
Outplant 2025-04-09,Tennessee Reef / TN-2,4/8/25,24.776099,-80.736465,State Year 8,SI263,9,9,,,,,
Outplant 2025-04-09,Tennessee Reef / TN-2,4/8/25,24.776099,-80.736465,State Year 8,SS365,20,20,,,,,
Outplant 2025-04-09,Tennessee Reef / TN-2,4/8/25,24.776099,-80.736465,State Year 8,SI234,10,10,,,,,
Outplant 2025-04-09,Tennessee Reef / TN-2,4/8/25,24.776099,-80.736465,State Year 8,SR276,10,10,,,,,
Outplant 2025-04-09,Tennessee Reef / TN-2,4/8/25,24.776099,-80.736465,State Year 8,SI75,17,17,,,,,
Outplant 2025-04-09,Tennessee Reef / TN-2,4/8/25,24.776099,-80.736465,State Year 8,SR224,17,17,,,,,
Outplant 2025-04-09,Tennessee Reef / TN-2,4/8/25,24.776099,-80.736465,State Year 8,SS144,20,20,,,,,
Outplant 2025-04-09,Tennessee Reef / TN-2,4/8/25,24.776099,-80.736465,State Year 8,SS88,36,36,,,,,
Outplant 2025-04-09,Tennessee Reef / TN-2,4/8/25,24.776099,-80.736465,State Year 8,SI235,10,10,,,,,
Outplant 2025-04-09,Tennessee Reef / TN-2,4/8/25,24.776099,-80.736465,State Year 8,SS95,33,33,,,,,
Outplant 2025-04-09,Tennessee Reef / TN-2,4/8/25,24.776099,-80.736465,State Year 8,SS108,40,40,,,,,
IC_U_3_M_1, / IC_U_3_M_1,4/16/25,24.54047,-81.44465,State Year 8,OF3,20,20,,,,,
IC_U_3_M_1, / IC_U_3_M_1,4/16/25,24.54047,-81.44465,State Year 8,OF1005,50,50,,,,,
IC_U_3_M_1, / IC_U_3_M_1,4/16/25,24.54047,-81.44465,State Year 8,OF61,50,50,,,,,
IC_U_3_M_1, / IC_U_3_M_1,4/16/25,24.54047,-81.44465,State Year 8,OF800,20,20,,,,,
IC_U_3_M_1, / IC_U_3_M_1,4/16/25,24.54047,-81.44465,State Year 8,DL3,30,30,,,,,
IC_U_3_M_1, / IC_U_3_M_1,4/16/25,24.54047,-81.44465,State Year 8,OF677,20,20,,,,,
IC_U_3_M_1, / IC_U_3_M_1,4/16/25,24.54047,-81.44465,State Year 8,OF1043,20,20,,,,,
IC_U_3_M_1, / IC_U_3_M_1,4/16/25,24.54047,-81.44465,State Year 8,OF976,50,50,,,,,
IC_U_3_M_1, / IC_U_3_M_1,4/16/25,24.54047,-81.44465,State Year 8,PC19,70,70,,,,,
IC_U_3_M_1, / IC_U_3_M_1,4/16/25,24.54047,-81.44465,State Year 8,OF977,80,80,,,,,
IC_U_3_M_1, / IC_U_3_M_1,4/16/25,24.54047,-81.44465,State Year 8,PS17,20,20,,,,,
IC_U_3_M_1, / IC_U_3_M_1,4/16/25,24.54047,-81.44465,State Year 8,OF999,20,20,,,,,
IC_U_3_M_1, / IC_U_3_M_1,4/16/25,24.54047,-81.44465,State Year 8,PS37,10,10,,,,,
IC_U_3_M_1, / IC_U_3_M_1,4/16/25,24.54047,-81.44465,State Year 8,OF1006,10,10,,,,,
IC_U_3_M_1, / IC_U_3_M_1,4/16/25,24.54047,-81.44465,State Year 8,OF980,20,20,,,,,
IC_U_3_M_1, / IC_U_3_M_1,4/16/25,24.54047,-81.44465,State Year 8,PC13,30,30,,,,,
IC_U_3_M_1, / IC_U_3_M_1,4/16/25,24.54047,-81.44465,State Year 8,OF990,30,30,,,,,
IC_U_3_M_1, / IC_U_3_M_1,4/16/25,24.54047,-81.44465,State Year 8,PS49,100,100,,,,,
IC_U_3_M_1, / IC_U_3_M_1,4/16/25,24.54047,-81.44465,State Year 8,OF985,20,20,,,,,
IC_U_3_M_1, / IC_U_3_M_1,4/16/25,24.54047,-81.44465,State Year 8,OF995,80,80,,,,,
IC_U_3_M_1, / IC_U_3_M_1,4/16/25,24.54047,-81.44465,State Year 8,OF675,40,40,,,,,
IC_U_3_M_1, / IC_U_3_M_1,4/16/25,24.54047,-81.44465,State Year 8,MC205,50,50,,,,,
IC_U_3_M_1, / IC_U_3_M_1,4/16/25,24.54047,-81.44465,State Year 8,PS50,50,50,,,,,
IC_U_3_M_1, / IC_U_3_M_1,4/16/25,24.54047,-81.44465,State Year 8,MC203,30,30,,,,,
IC_U_3_M_1, / IC_U_3_M_1,4/16/25,24.54047,-81.44465,State Year 8,PC18,40,40,,,,,
IC_U_3_M_1, / IC_U_3_M_1,4/16/25,24.54047,-81.44465,State Year 8,PC61,30,30,,,,,
IC_U_3_M_1, / IC_U_3_M_1,4/16/25,24.54047,-81.44465,State Year 8,MC1,30,30,,,,,
IC_U_2_M_1, / IC_U_2_M_1,4/14/25,24.54045,-81.4454,State Year 8,SI137,10,10,,,,,
IC_U_2_M_1, / IC_U_2_M_1,4/14/25,24.54045,-81.4454,State Year 8,SR9,10,10,,,,,
IC_U_2_M_1, / IC_U_2_M_1,4/14/25,24.54045,-81.4454,State Year 8,SS438,30,30,,,,,
IC_U_2_M_1, / IC_U_2_M_1,4/14/25,24.54045,-81.4454,State Year 8,SS139,31,31,,,,,
IC_U_2_M_1, / IC_U_2_M_1,4/14/25,24.54045,-81.4454,State Year 8,SI180,20,20,,,,,
IC_U_2_M_1, / IC_U_2_M_1,4/14/25,24.54045,-81.4454,State Year 8,SI37,20,20,,,,,
IC_U_2_M_1, / IC_U_2_M_1,4/14/25,24.54045,-81.4454,State Year 8,SS121,40,40,,,,,
IC_U_2_M_1, / IC_U_2_M_1,4/14/25,24.54045,-81.4454,State Year 8,SI153,10,10,,,,,
IC_U_2_M_1, / IC_U_2_M_1,4/14/25,24.54045,-81.4454,State Year 8,SS159,89,89,,,,,
IC_U_2_M_1, / IC_U_2_M_1,4/14/25,24.54045,-81.4454,State Year 8,SI25,70,70,,,,,
IC_U_2_M_1, / IC_U_2_M_1,4/14/25,24.54045,-81.4454,State Year 8,SS265,10,10,,,,,
IC_U_2_M_1, / IC_U_2_M_1,4/14/25,24.54045,-81.4454,State Year 8,SS501,40,40,,,,,
IC_U_2_M_1, / IC_U_2_M_1,4/14/25,24.54045,-81.4454,State Year 8,SS479,20,20,,,,,
IC_U_2_M_1, / IC_U_2_M_1,4/14/25,24.54045,-81.4454,State Year 8,SS419,10,10,,,,,
IC_U_2_M_1, / IC_U_2_M_1,4/14/25,24.54045,-81.4454,State Year 8,SI61,30,30,,,,,
IC_U_2_M_1, / IC_U_2_M_1,4/14/25,24.54045,-81.4454,State Year 8,SS93,100,100,,,,,
IC_U_2_M_1, / IC_U_2_M_1,4/14/25,24.54045,-81.4454,State Year 8,SI146,10,10,,,,,
IC_U_2_M_1, / IC_U_2_M_1,4/14/25,24.54045,-81.4454,State Year 8,SS481,20,20,,,,,
IC_U_2_M_1, / IC_U_2_M_1,4/14/25,24.54045,-81.4454,State Year 8,SS443,40,40,,,,,
IC_U_2_M_1, / IC_U_2_M_1,4/14/25,24.54045,-81.4454,State Year 8,SR201,20,20,,,,,
IC_U_2_M_1, / IC_U_2_M_1,4/14/25,24.54045,-81.4454,State Year 8,SI72,60,60,,,,,
IC_U_2_M_1, / IC_U_2_M_1,4/14/25,24.54045,-81.4454,State Year 8,SI44,50,50,,,,,
IC_U_2_M_1, / IC_U_2_M_1,4/14/25,24.54045,-81.4454,State Year 8,SI85,60,60,,,,,
IC_U_2_M_1, / IC_U_2_M_1,4/14/25,24.54045,-81.4454,State Year 8,SI80,60,60,,,,,
IC_U_2_M_1, / IC_U_2_M_1,4/14/25,24.54045,-81.4454,State Year 8,SI21,30,30,,,,,
IC_U_2_M_1, / IC_U_2_M_1,4/14/25,24.54045,-81.4454,State Year 8,SI20,20,20,,,,,
IC_U_2_M_1, / IC_U_2_M_1,4/14/25,24.54045,-81.4454,State Year 8,SI0,30,30,,,,,
IC_U_2_M_1, / IC_U_2_M_1,4/14/25,24.54045,-81.4454,State Year 8,SS463,30,30,,,,,
IC_U_2_M_1, / IC_U_2_M_1,4/14/25,24.54045,-81.4454,State Year 8,SI419,30,30,,,,,
IC_U_2_M_1, / IC_U_2_M_1,4/14/25,24.54045,-81.4454,State Year 8,SI24,10,10,,,,,
Outplant 2025-05-04,Dixie Shoal / DX_6,5/3/25,25.056068,-80.331087,State Year 8,SS109,20,20,,,,,
Outplant 2025-05-04,Dixie Shoal / DX_6,5/3/25,25.056068,-80.331087,State Year 8,SS512,10,10,,,,,
Outplant 2025-05-04,Dixie Shoal / DX_6,5/3/25,25.056068,-80.331087,State Year 8,SS494,40,40,,,,,
Outplant 2025-05-04,Dixie Shoal / DX_6,5/3/25,25.056068,-80.331087,State Year 8,SI22,20,20,,,,,
Outplant 2025-05-04,Dixie Shoal / DX_6,5/3/25,25.056068,-80.331087,State Year 8,SS525,30,30,,,,,
Outplant 2025-05-04,Dixie Shoal / DX_6,5/3/25,25.056068,-80.331087,State Year 8,SI260,50,50,,,,,
Outplant 2025-05-04,Dixie Shoal / DX_6,5/3/25,25.056068,-80.331087,State Year 8,SS508,10,10,,,,,
Outplant 2025-05-04,Dixie Shoal / DX_6,5/3/25,25.056068,-80.331087,State Year 8,SS484,40,40,,,,,
Outplant 2025-05-04,Dixie Shoal / DX_6,5/3/25,25.056068,-80.331087,State Year 8,SS110,10,10,,,,,
Outplant 2025-05-04,Dixie Shoal / DX_6,5/3/25,25.056068,-80.331087,State Year 8,SI34,20,20,,,,,
Outplant 2025-05-04,Dixie Shoal / DX_6,5/3/25,25.056068,-80.331087,State Year 8,SS491,30,30,,,,,
Outplant 2025-05-04,Dixie Shoal / DX_6,5/3/25,25.056068,-80.331087,State Year 8,SI261,20,20,,,,,
Outplant 2025-05-04,Dixie Shoal / DX_6,5/3/25,25.056068,-80.331087,State Year 8,SS284,20,20,,,,,
Outplant 2025-05-04,Dixie Shoal / DX_6,5/3/25,25.056068,-80.331087,State Year 8,SS95,40,40,,,,,
Outplant 2025-05-04,Dixie Shoal / DX_6,5/3/25,25.056068,-80.331087,State Year 8,SS104,10,10,,,,,
Outplant 2025-05-04,Dixie Shoal / DX_6,5/3/25,25.056068,-80.331087,State Year 8,SS101,40,40,,,,,
Outplant 2025-05-04,Dixie Shoal / DX_6,5/3/25,25.056068,-80.331087,State Year 8,SS490,10,10,,,,,
Outplant 2025-05-04,Dixie Shoal / DX_6,5/3/25,25.056068,-80.331087,State Year 8,SI151,10,10,,,,,
Outplant 2025-05-04,Dixie Shoal / DX_6,5/3/25,25.056068,-80.331087,State Year 8,SI148,10,10,,,,,
Outplant 2025-05-04,Dixie Shoal / DX_6,5/3/25,25.056068,-80.331087,State Year 8,SS492,10,10,,,,,
Outplant 2025-05-04,Dixie Shoal / DX_6,5/3/25,25.056068,-80.331087,State Year 8,SS399,40,40,,,,,
Outplant 2025-05-04,Dixie Shoal / DX_6,5/3/25,25.056068,-80.331087,State Year 8,SI251,60,60,,,,,
Outplant 2025-05-04,Dixie Shoal / DX_6,5/3/25,25.056068,-80.331087,State Year 8,SI258,10,10,,,,,
Outplant 2025-05-04,Dixie Shoal / DX_6,5/3/25,25.056068,-80.331087,State Year 8,SS122,20,20,,,,,
Outplant 2025-05-04,Dixie Shoal / DX_6,5/3/25,25.056068,-80.331087,State Year 8,SS519,20,20,,,,,
Outplant 2025-05-04,Dixie Shoal / DX_6,5/3/25,25.056068,-80.331087,State Year 8,SI66,30,30,,,,,
Outplant 2025-05-04,Dixie Shoal / DX_6,5/3/25,25.056068,-80.331087,State Year 8,SI159,20,20,,,,,
Outplant 2025-05-04,Dixie Shoal / DX_6,5/3/25,25.056068,-80.331087,State Year 8,SS510,30,30,,,,,
Outplant 2025-05-04,Dixie Shoal / DX_6,5/3/25,25.056068,-80.331087,State Year 8,SS463,30,30,,,,,
Outplant 2025-05-04,Dixie Shoal / DX_6,5/3/25,25.056068,-80.331087,State Year 8,SI35,20,20,,,,,
Outplant 2025-05-04,Dixie Shoal / DX_6,5/3/25,25.056068,-80.331087,State Year 8,SI263,10,10,,,,,
Outplant 2025-05-04,Dixie Shoal / DX_6,5/3/25,25.056068,-80.331087,State Year 8,SS507,20,20,,,,,
Outplant 2025-05-04,Dixie Shoal / DX_6,5/3/25,25.056068,-80.331087,State Year 8,SS520,40,40,,,,,
Outplant 2025-05-04,Dixie Shoal / DX_6,5/3/25,25.056068,-80.331087,State Year 8,SI23,20,20,,,,,
Outplant 2025-05-04,Dixie Shoal / DX_6,5/3/25,25.056068,-80.331087,State Year 8,SS518,50,50,,,,,
Outplant 2025-05-04,Dixie Shoal / DX_6,5/3/25,25.056068,-80.331087,State Year 8,SS406,50,50,,,,,
Outplant 2025-05-04,Dixie Shoal / DX_6,5/3/25,25.056068,-80.331087,State Year 8,SI69,40,40,,,,,
Outplant 2025-05-04,Dixie Shoal / DX_6,5/3/25,25.056068,-80.331087,State Year 8,SS106,40,40,,,,,
Outplant 2025-06-09,American Shoal  / BIL_Q_P007,6/8/25,24.52258333,-81.52025,BIL Year 1,DL285,10,10,,,,,
Outplant 2025-06-09,American Shoal  / BIL_Q_P007,6/8/25,24.52258333,-81.52025,BIL Year 1,MC205,10,10,,,,,
Outplant 2025-06-09,American Shoal  / BIL_Q_P007,6/8/25,24.52258333,-81.52025,BIL Year 1,MC206,10,10,,,,,
Outplant 2025-06-09,American Shoal  / BIL_Q_P007,6/8/25,24.52258333,-81.52025,BIL Year 1,OF980,20,20,,,,,
Outplant 2025-06-09,American Shoal  / BIL_Q_P007,6/8/25,24.52258333,-81.52025,BIL Year 1,OF988,10,10,,,,,
Outplant 2025-06-09,American Shoal  / BIL_Q_P007,6/8/25,24.52258333,-81.52025,BIL Year 1,OF993,10,10,,,,,
Outplant 2025-06-09,American Shoal  / BIL_Q_P007,6/8/25,24.52258333,-81.52025,BIL Year 1,PC54,10,10,,,,,
Outplant 2025-06-09,American Shoal  / BIL_Q_P007,6/8/25,24.52258333,-81.52025,BIL Year 1,PS49,10,10,,,,,
Outplant 2025-06-09,American Shoal  / BIL_Q_P007,6/8/25,24.52258333,-81.52025,BIL Year 1,CN7,10,10,,,,,
Outplant 2025-06-09,American Shoal  / BIL_Q_P007,6/8/25,24.52258333,-81.52025,BIL Year 1,AC3,20,20,,,,,
Outplant 2025-06-09,American Shoal  / BIL_Q_P007,6/8/25,24.52258333,-81.52025,BIL Year 1,AC31,20,20,,,,,
Outplant 2025-06-09,American Shoal  / BIL_Q_P007,6/8/25,24.52258333,-81.52025,BIL Year 1,AC34,20,20,,,,,
Outplant 2025-06-09,American Shoal  / BIL_Q_P007,6/8/25,24.52258333,-81.52025,BIL Year 1,AC58,20,20,,,,,
Outplant 2025-06-09,American Shoal  / BIL_Q_P007,6/8/25,24.52258333,-81.52025,BIL Year 1,AC62,20,20,,,,,
Outplant 2025-06-09,American Shoal  / BIL_Q_P007,6/8/25,24.52258333,-81.52025,BIL Year 1,AC75,20,20,,,,,
Outplant 2025-06-09,American Shoal  / BIL_Q_P007,6/8/25,24.52258333,-81.52025,BIL Year 1,AC1962,20,20,,,,,
Outplant 2025-06-09,American Shoal  / BIL_Q_P007,6/8/25,24.52258333,-81.52025,BIL Year 1,AC2627,20,20,,,,,
Outplant 2025-05-06,Tennessee Reef / TN-6,5/5/25,24.77726,-80.73395,State Year 8,SB32,138,138,,,,,
Outplant 2025-05-06,Tennessee Reef / TN-6,5/5/25,24.77726,-80.73395,State Year 8,SB75,108,108,,,,,
Outplant 2025-05-06,Tennessee Reef / TN-6,5/5/25,24.77726,-80.73395,State Year 8,SI37,36,36,,,,,
Outplant 2025-05-06,Tennessee Reef / TN-6,5/5/25,24.77726,-80.73395,State Year 8,SB51,10,10,,,,,
Outplant 2025-05-06,Tennessee Reef / TN-6,5/5/25,24.77726,-80.73395,State Year 8,SI58,35,35,,,,,
Outplant 2025-05-06,Tennessee Reef / TN-6,5/5/25,24.77726,-80.73395,State Year 8,SB15,10,10,,,,,
Outplant 2025-05-06,Tennessee Reef / TN-6,5/5/25,24.77726,-80.73395,State Year 8,SB56,10,10,,,,,
Outplant 2025-05-06,Tennessee Reef / TN-6,5/5/25,24.77726,-80.73395,State Year 8,SB49,10,10,,,,,
Outplant 2025-05-06,Tennessee Reef / TN-6,5/5/25,24.77726,-80.73395,State Year 8,SB55,20,20,,,,,
Outplant 2025-05-06,Tennessee Reef / TN-6,5/5/25,24.77726,-80.73395,State Year 8,SB54,10,10,,,,,
Outplant 2025-05-06,Tennessee Reef / TN-6,5/5/25,24.77726,-80.73395,State Year 8,SB74,30,30,,,,,
Outplant 2025-05-06,Tennessee Reef / TN-6,5/5/25,24.77726,-80.73395,State Year 8,SB63,20,20,,,,,
Outplant 2025-05-06,Tennessee Reef / TN-6,5/5/25,24.77726,-80.73395,State Year 8,SB41,30,30,,,,,
Outplant 2025-05-06,Tennessee Reef / TN-6,5/5/25,24.77726,-80.73395,State Year 8,SB23,10,10,,,,,
Outplant 2025-05-06,Tennessee Reef / TN-6,5/5/25,24.77726,-80.73395,State Year 8,SI235,40,40,,,,,
Outplant 2025-05-06,Tennessee Reef / TN-6,5/5/25,24.77726,-80.73395,State Year 8,SS95,40,40,,,,,
Outplant 2025-05-06,Tennessee Reef / TN-6,5/5/25,24.77726,-80.73395,State Year 8,SS112,30,30,,,,,
Outplant 2025-05-06,Tennessee Reef / TN-6,5/5/25,24.77726,-80.73395,State Year 8,SS102,30,30,,,,,
Outplant 2025-05-06,Tennessee Reef / TN-6,5/5/25,24.77726,-80.73395,State Year 8,PA379,5,5,,,,,
Outplant 2025-05-06,Tennessee Reef / TN-6,5/5/25,24.77726,-80.73395,State Year 8,SR513,7,7,,,,,
Outplant 2025-05-06,Tennessee Reef / TN-6,5/5/25,24.77726,-80.73395,State Year 8,SR489,7,7,,,,,
Outplant 2025-05-06,Tennessee Reef / TN-6,5/5/25,24.77726,-80.73395,State Year 8,SS356,47,47,,,,,
Outplant 2025-05-06,Tennessee Reef / TN-6,5/5/25,24.77726,-80.73395,State Year 8,SR538,6,6,,,,,
Outplant 2025-05-06,Tennessee Reef / TN-6,5/5/25,24.77726,-80.73395,State Year 8,SR498,8,8,,,,,
Outplant 2025-05-06,Tennessee Reef / TN-6,5/5/25,24.77726,-80.73395,State Year 8,SI254,5,5,,,,,
Outplant 2025-05-06,Tennessee Reef / TN-6,5/5/25,24.77726,-80.73395,State Year 8,SR537,8,8,,,,,
Outplant 2025-05-06,Tennessee Reef / TN-6,5/5/25,24.77726,-80.73395,State Year 8,PA380,7,7,,,,,
Outplant 2025-05-06,Tennessee Reef / TN-6,5/5/25,24.77726,-80.73395,State Year 8,SR584,6,6,,,,,
Outplant 2025-05-06,Tennessee Reef / TN-6,5/5/25,24.77726,-80.73395,State Year 8,SS404,20,20,,,,,
Outplant 2025-05-06,Tennessee Reef / TN-6,5/5/25,24.77726,-80.73395,State Year 8,SI46,60,60,,,,,
Outplant 2025-05-06,Tennessee Reef / TN-6,5/5/25,24.77726,-80.73395,State Year 8,SS411,22,22,,,,,
Outplant 2025-05-06,Tennessee Reef / TN-6,5/5/25,24.77726,-80.73395,State Year 8,SS133,20,20,,,,,
Outplant 2025-05-06,Tennessee Reef / TN-6,5/5/25,24.77726,-80.73395,State Year 8,SS463,30,30,,,,,
Outplant 2025-05-06,Tennessee Reef / TN-6,5/5/25,24.77726,-80.73395,State Year 8,SS122,40,40,,,,,
Outplant 2025-05-06,Tennessee Reef / TN-6,5/5/25,24.77726,-80.73395,State Year 8,SR407,10,10,,,,,
Outplant 2025-05-06,Tennessee Reef / TN-6,5/5/25,24.77726,-80.73395,State Year 8,SS306,10,10,,,,,
Outplant 2025-05-06,Tennessee Reef / TN-6,5/5/25,24.77726,-80.73395,State Year 8,SR529,10,10,,,,,
Outplant 2025-05-06,Tennessee Reef / TN-6,5/5/25,24.77726,-80.73395,State Year 8,SR609,10,10,,,,,
Outplant 2025-05-06,Tennessee Reef / TN-6,5/5/25,24.77726,-80.73395,State Year 8,SR425,20,20,,,,,
Outplant 2025-05-06,Tennessee Reef / TN-6,5/5/25,24.77726,-80.73395,State Year 8,SR692,10,10,,,,,
Outplant 2025-05-06,Tennessee Reef / TN-6,5/5/25,24.77726,-80.73395,State Year 8,SR691,10,10,,,,,
Outplant 2025-05-06,Tennessee Reef / TN-6,5/5/25,24.77726,-80.73395,State Year 8,SR372,10,10,,,,,
Outplant 2025-05-04,Dixie Shoal / DX_6,5/3/25,25.056068,-80.331087,State Year 8,PC27,10,10,,,,,
Outplant 2025-05-04,Dixie Shoal / DX_6,5/3/25,25.056068,-80.331087,State Year 8,PC50,10,10,,,,,
Outplant 2025-05-06, / IC_Z_3_M_1,5/5/25,24.52757,-81.49843,State Year 8,SS161,10,10,,,,,
Outplant 2025-05-06, / IC_Z_3_M_1,5/5/25,24.52757,-81.49843,State Year 8,SS503,21,21,,,,,
Outplant 2025-05-06, / IC_Z_3_M_1,5/5/25,24.52757,-81.49843,State Year 8,SS303,50,50,,,,,
Outplant 2025-05-06, / IC_Z_3_M_1,5/5/25,24.52757,-81.49843,State Year 8,SS428,23,23,,,,,
Outplant 2025-05-06, / IC_Z_3_M_1,5/5/25,24.52757,-81.49843,State Year 8,SI156,10,10,,,,,
Outplant 2025-05-06, / IC_Z_3_M_1,5/5/25,24.52757,-81.49843,State Year 8,SI223,20,20,,,,,
Outplant 2025-05-06, / IC_Z_3_M_1,5/5/25,24.52757,-81.49843,State Year 8,SI84,20,20,,,,,
Outplant 2025-05-06, / IC_Z_3_M_1,5/5/25,24.52757,-81.49843,State Year 8,SI83,27,27,,,,,
Outplant 2025-05-06, / IC_Z_3_M_1,5/5/25,24.52757,-81.49843,State Year 8,SS96,40,40,,,,,
Outplant 2025-05-06, / IC_Z_3_M_1,5/5/25,24.52757,-81.49843,State Year 8,SI193,10,10,,,,,
Outplant 2025-05-06, / IC_Z_3_M_1,5/5/25,24.52757,-81.49843,State Year 8,SS474,30,30,,,,,
Outplant 2025-05-06, / IC_Z_3_M_1,5/5/25,24.52757,-81.49843,State Year 8,SS332,14,14,,,,,
Outplant 2025-05-06, / IC_Z_3_M_1,5/5/25,24.52757,-81.49843,State Year 8,SI58,34,34,,,,,
Outplant 2025-05-06, / IC_Z_3_M_1,5/5/25,24.52757,-81.49843,State Year 8,SS432,20,20,,,,,
Outplant 2025-05-06, / IC_Z_3_M_1,5/5/25,24.52757,-81.49843,State Year 8,SS258,11,11,,,,,
Outplant 2025-05-06, / IC_Z_3_M_1,5/5/25,24.52757,-81.49843,State Year 8,SS462,120,120,,,,,
Outplant 2025-05-06, / IC_Z_3_M_1,5/5/25,24.52757,-81.49843,State Year 8,SI43,41,41,,,,,
Outplant 2025-05-06, / IC_Z_3_M_1,5/5/25,24.52757,-81.49843,State Year 8,SS164,112,112,,,,,
Outplant 2025-05-06, / IC_Z_3_M_1,5/5/25,24.52757,-81.49843,State Year 8,SI74,50,50,,,,,
Outplant 2025-05-06, / IC_Z_3_M_1,5/5/25,24.52757,-81.49843,State Year 8,SS358,50,50,,,,,
Outplant 2025-05-06, / IC_Z_3_M_1,5/5/25,24.52757,-81.49843,State Year 8,SR15,33,33,,,,,
Outplant 2025-05-06, / IC_Z_3_M_1,5/5/25,24.52757,-81.49843,State Year 8,SS456,22,22,,,,,
Outplant 2025-05-06, / IC_Z_3_M_1,5/5/25,24.52757,-81.49843,State Year 8,SS94,20,20,,,,,
Outplant 2025-05-06, / IC_Z_3_M_1,5/5/25,24.52757,-81.49843,State Year 8,SI73,20,20,,,,,
Outplant 2025-05-06, / IC_Z_3_M_1,5/5/25,24.52757,-81.49843,State Year 8,SR162,10,10,,,,,
Outplant 2025-05-06, / IC_Z_3_M_1,5/5/25,24.52757,-81.49843,State Year 8,SI245,10,10,,,,,
Outplant 2025-05-06, / IC_Z_3_M_1,5/5/25,24.52757,-81.49843,State Year 8,SS228,10,10,,,,,
Outplant 2025-05-06, / IC_Z_3_M_1,5/5/25,24.52757,-81.49843,State Year 8,SS98,40,40,,,,,
Outplant 2025-05-06, / IC_Z_3_M_1,5/5/25,24.52757,-81.49843,State Year 8,SI78,20,20,,,,,
Outplant 2025-05-06, / IC_Z_3_M_1,5/5/25,24.52757,-81.49843,State Year 8,SS121,20,20,,,,,
Outplant 2025-05-06, / IC_Z_3_M_1,5/5/25,24.52757,-81.49843,State Year 8,SS409,10,10,,,,,
Outplant 2025-05-06, / IC_Z_3_M_1,5/5/25,24.52757,-81.49843,State Year 8,SS88,35,35,,,,,
Outplant 2025-05-06, / IC_Z_3_M_1,5/5/25,24.52757,-81.49843,State Year 8,SS465,51,51,,,,,
Outplant 2025-05-09, / IC_C_1_M_1,5/8/25,24.53116,-81.4846,State Year 8,SI54,30,30,,,,,
Outplant 2025-05-09, / IC_C_1_M_1,5/8/25,24.53116,-81.4846,State Year 8,SI47,30,30,,,,,
Outplant 2025-05-09, / IC_C_1_M_1,5/8/25,24.53116,-81.4846,State Year 8,SS90,70,70,,,,,
Outplant 2025-05-09, / IC_C_1_M_1,5/8/25,24.53116,-81.4846,State Year 8,SS123,40,40,,,,,
Outplant 2025-05-09, / IC_C_1_M_1,5/8/25,24.53116,-81.4846,State Year 8,SS366,43,43,,,,,
Outplant 2025-05-09, / IC_C_1_M_1,5/8/25,24.53116,-81.4846,State Year 8,SS410,40,40,,,,,
Outplant 2025-05-09, / IC_C_1_M_1,5/8/25,24.53116,-81.4846,State Year 8,SI36,41,41,,,,,
Outplant 2025-05-09, / IC_C_1_M_1,5/8/25,24.53116,-81.4846,State Year 8,SR246,54,54,,,,,
Outplant 2025-05-09, / IC_C_1_M_1,5/8/25,24.53116,-81.4846,State Year 8,SR216,13,13,,,,,
Outplant 2025-05-09, / IC_C_1_M_1,5/8/25,24.53116,-81.4846,State Year 8,SI200,30,30,,,,,
Outplant 2025-05-09, / IC_C_1_M_1,5/8/25,24.53116,-81.4846,State Year 8,SS360,30,30,,,,,
Outplant 2025-05-09, / IC_C_1_M_1,5/8/25,24.53116,-81.4846,State Year 8,SS257,20,20,,,,,
Outplant 2025-05-09, / IC_C_1_M_1,5/8/25,24.53116,-81.4846,State Year 8,SI50,40,40,,,,,
Outplant 2025-05-09, / IC_C_1_M_1,5/8/25,24.53116,-81.4846,State Year 8,SS348,53,53,,,,,
Outplant 2025-05-09, / IC_C_1_M_1,5/8/25,24.53116,-81.4846,State Year 8,SS107,30,30,,,,,
Outplant 2025-05-09, / IC_C_1_M_1,5/8/25,24.53116,-81.4846,State Year 8,SS163,30,30,,,,,
Outplant 2025-05-09, / IC_C_1_M_1,5/8/25,24.53116,-81.4846,State Year 8,SI154,20,20,,,,,
Outplant 2025-05-09, / IC_C_1_M_1,5/8/25,24.53116,-81.4846,State Year 8,SI155,20,20,,,,,
Outplant 2025-05-09, / IC_C_1_M_1,5/8/25,24.53116,-81.4846,State Year 8,SI43,54,54,,,,,
Outplant 2025-05-09, / IC_C_1_M_1,5/8/25,24.53116,-81.4846,State Year 8,SI44,41,41,,,,,
Outplant 2025-05-09, / IC_C_1_M_1,5/8/25,24.53116,-81.4846,State Year 8,SS332,13,13,,,,,
Outplant 2025-05-09, / IC_C_1_M_1,5/8/25,24.53116,-81.4846,State Year 8,SI143,13,13,,,,,
Outplant 2025-05-09, / IC_C_1_M_1,5/8/25,24.53116,-81.4846,State Year 8,SR64,10,10,,,,,
Outplant 2025-05-09, / IC_C_1_M_1,5/8/25,24.53116,-81.4846,State Year 8,SI52,20,20,,,,,
Outplant 2025-05-09, / IC_C_1_M_1,5/8/25,24.53116,-81.4846,State Year 8,SS444,20,20,,,,,
Outplant 2025-05-09, / IC_C_1_M_1,5/8/25,24.53116,-81.4846,State Year 8,SS358,10,10,,,,,
Outplant 2025-05-09, / IC_C_1_M_1,5/8/25,24.53116,-81.4846,State Year 8,SI39,20,20,,,,,
Outplant 2025-05-09, / IC_C_1_M_1,5/8/25,24.53116,-81.4846,State Year 8,SS321,10,10,,,,,
Outplant 2025-05-09, / IC_C_1_M_1,5/8/25,24.53116,-81.4846,State Year 8,SS503,10,10,,,,,
Outplant 2025-05-09, / IC_C_1_M_1,5/8/25,24.53116,-81.4846,State Year 8,SS473,30,30,,,,,
Outplant 2025-05-09, / IC_C_1_M_1,5/8/25,24.53116,-81.4846,State Year 8,SI28,10,10,,,,,
Outplant 2025-05-09, / IC_C_1_M_1,5/8/25,24.53116,-81.4846,State Year 8,SS94,10,10,,,,,
Outplant 2025-05-09, / IC_C_1_M_1,5/8/25,24.53116,-81.4846,State Year 8,SS161,33,33,,,,,
Outplant 2025-05-09, / IC_C_1_M_1,5/8/25,24.53116,-81.4846,State Year 8,SS475,40,40,,,,,
Outplant 2025-06-09,American Shoal  / BIL_Q_P012,6/8/25,24.523285,-81.51624833,BIL Year 1,DL9,10,10,,,,,
Outplant 2025-06-09,American Shoal  / BIL_Q_P012,6/8/25,24.523285,-81.51624833,BIL Year 1,MC206,10,10,,,,,
Outplant 2025-06-09,American Shoal  / BIL_Q_P012,6/8/25,24.523285,-81.51624833,BIL Year 1,MC205,10,10,,,,,
Outplant 2025-06-09,American Shoal  / BIL_Q_P012,6/8/25,24.523285,-81.51624833,BIL Year 1,OF980,20,20,,,,,
Outplant 2025-06-09,American Shoal  / BIL_Q_P012,6/8/25,24.523285,-81.51624833,BIL Year 1,OF988,10,10,,,,,
Outplant 2025-06-09,American Shoal  / BIL_Q_P012,6/8/25,24.523285,-81.51624833,BIL Year 1,OF993,10,10,,,,,
Outplant 2025-06-09,American Shoal  / BIL_Q_P012,6/8/25,24.523285,-81.51624833,BIL Year 1,PC59,10,10,,,,,
Outplant 2025-06-09,American Shoal  / BIL_Q_P012,6/8/25,24.523285,-81.51624833,BIL Year 1,PS8,10,10,,,,,
Outplant 2025-06-09,American Shoal  / BIL_Q_P012,6/8/25,24.523285,-81.51624833,BIL Year 1,CN7,10,10,,,,,
Outplant 2025-06-09,American Shoal  / BIL_Q_P012,6/8/25,24.523285,-81.51624833,BIL Year 1,AC3,20,20,,,,,
Outplant 2025-06-09,American Shoal  / BIL_Q_P012,6/8/25,24.523285,-81.51624833,BIL Year 1,AC31,20,20,,,,,
Outplant 2025-06-09,American Shoal  / BIL_Q_P012,6/8/25,24.523285,-81.51624833,BIL Year 1,AC34,20,20,,,,,
Outplant 2025-06-09,American Shoal  / BIL_Q_P012,6/8/25,24.523285,-81.51624833,BIL Year 1,AC58,20,20,,,,,
Outplant 2025-06-09,American Shoal  / BIL_Q_P012,6/8/25,24.523285,-81.51624833,BIL Year 1,AC62,20,20,,,,,
Outplant 2025-06-09,American Shoal  / BIL_Q_P012,6/8/25,24.523285,-81.51624833,BIL Year 1,AC75,20,20,,,,,
Outplant 2025-06-09,American Shoal  / BIL_Q_P012,6/8/25,24.523285,-81.51624833,BIL Year 1,AC1962,20,20,,,,,
Outplant 2025-06-09,American Shoal  / BIL_Q_P012,6/8/25,24.523285,-81.51624833,BIL Year 1,AC2627,20,20,,,,,
Outplant 2025-03-26,Dixie Shoal / DX-2,3/25/25,25.059962,-80.327865,State Year 8,SS40,20,20,,,,,
Outplant 2025-03-26,Dixie Shoal / DX-2,3/25/25,25.059962,-80.327865,State Year 8,SS41,30,30,,,,,
Outplant 2025-03-26,Dixie Shoal / DX-2,3/25/25,25.059962,-80.327865,State Year 8,SS43,10,10,,,,,
Outplant 2025-03-26,Dixie Shoal / DX-2,3/25/25,25.059962,-80.327865,State Year 8,SS42,10,10,,,,,
Outplant 2025-03-26,Dixie Shoal / DX-2,3/25/25,25.059962,-80.327865,State Year 8,SS46,10,10,,,,,
Outplant 2025-03-26,Dixie Shoal / DX-2,3/25/25,25.059962,-80.327865,State Year 8,SS52,10,10,,,,,
Outplant 2025-03-26,Dixie Shoal / DX-2,3/25/25,25.059962,-80.327865,State Year 8,SS67,10,10,,,,,
Outplant 2025-03-26,Dixie Shoal / DX-2,3/25/25,25.059962,-80.327865,State Year 8,SS68,10,10,,,,,
Outplant 2025-03-26,Dixie Shoal / DX-2,3/25/25,25.059962,-80.327865,State Year 8,SS71,10,10,,,,,
Outplant 2025-03-26,Dixie Shoal / DX-2,3/25/25,25.059962,-80.327865,State Year 8,SS77,10,10,,,,,
Outplant 2025-03-26,Dixie Shoal / DX-2,3/25/25,25.059962,-80.327865,State Year 8,SS80,10,10,,,,,
Outplant 2025-03-26,Dixie Shoal / DX-2,3/25/25,25.059962,-80.327865,State Year 8,SS82,10,10,,,,,
Outplant 2025-03-26,Dixie Shoal / DX-2,3/25/25,25.059962,-80.327865,State Year 8,SS83,80,80,,,,,
Outplant 2025-03-26,Dixie Shoal / DX-2,3/25/25,25.059962,-80.327865,State Year 8,SS91,170,170,,,,,
Outplant 2025-03-26,Dixie Shoal / DX-2,3/25/25,25.059962,-80.327865,State Year 8,SS491,20,20,,,,,
Outplant 2025-03-26,Dixie Shoal / DX-2,3/25/25,25.059962,-80.327865,State Year 8,SS495,20,20,,,,,
Outplant 2025-03-26,Dixie Shoal / DX-2,3/25/25,25.059962,-80.327865,State Year 8,SI235,10,10,,,,,
Outplant 2025-03-26,Dixie Shoal / DX-2,3/25/25,25.059962,-80.327865,State Year 8,SS121,120,120,,,,,
Outplant 2025-03-26,Dixie Shoal / DX-2,3/25/25,25.059962,-80.327865,State Year 8,SI46,180,180,,,,,
Outplant 2025-03-26,Dixie Shoal / DX-2,3/25/25,25.059962,-80.327865,State Year 8,SS463,60,60,,,,,
Outplant 2025-03-26,Dixie Shoal / DX-2,3/25/25,25.059962,-80.327865,State Year 8,SS462,120,120,,,,,
Outplant 2025-03-26,Dixie Shoal / DX-2,3/25/25,25.059962,-80.327865,State Year 8,SS496,20,20,,,,,
Outplant 2025-03-26,Dixie Shoal / DX-2,3/25/25,25.059962,-80.327865,State Year 8,SS516,30,30,,,,,
Outplant 2025-03-26,Dixie Shoal / DX-2,3/25/25,25.059962,-80.327865,State Year 8,SS493,20,20,,,,,
Junk Data,Dixie Shoal - DX-6 Duplicate Data / Junk Data,5/3/25,0,0,State Year 8,SS109,20,20,,,,,
Junk Data,Dixie Shoal - DX-6 Duplicate Data / Junk Data,5/3/25,0,0,State Year 8,SS512,10,10,,,,,
Junk Data,Dixie Shoal - DX-6 Duplicate Data / Junk Data,5/3/25,0,0,State Year 8,SS494,40,40,,,,,
Junk Data,Dixie Shoal - DX-6 Duplicate Data / Junk Data,5/3/25,0,0,State Year 8,SI22,20,20,,,,,
Junk Data,Dixie Shoal - DX-6 Duplicate Data / Junk Data,5/3/25,0,0,State Year 8,SS525,30,30,,,,,
Junk Data,Dixie Shoal - DX-6 Duplicate Data / Junk Data,5/3/25,0,0,State Year 8,SI260,50,50,,,,,
Junk Data,Dixie Shoal - DX-6 Duplicate Data / Junk Data,5/3/25,0,0,State Year 8,SS508,10,10,,,,,
Junk Data,Dixie Shoal - DX-6 Duplicate Data / Junk Data,5/3/25,0,0,State Year 8,SS484,40,40,,,,,
Junk Data,Dixie Shoal - DX-6 Duplicate Data / Junk Data,5/3/25,0,0,State Year 8,SS110,10,10,,,,,
Junk Data,Dixie Shoal - DX-6 Duplicate Data / Junk Data,5/3/25,0,0,State Year 8,SI34,20,20,,,,,
Junk Data,Dixie Shoal - DX-6 Duplicate Data / Junk Data,5/3/25,0,0,State Year 8,SS491,30,30,,,,,
Junk Data,Dixie Shoal - DX-6 Duplicate Data / Junk Data,5/3/25,0,0,State Year 8,SI261,20,20,,,,,
Junk Data,Dixie Shoal - DX-6 Duplicate Data / Junk Data,5/3/25,0,0,State Year 8,SS284,20,20,,,,,
Junk Data,Dixie Shoal - DX-6 Duplicate Data / Junk Data,5/3/25,0,0,State Year 8,SS95,40,40,,,,,
Junk Data,Dixie Shoal - DX-6 Duplicate Data / Junk Data,5/3/25,0,0,State Year 8,SS104,10,10,,,,,
Junk Data,Dixie Shoal - DX-6 Duplicate Data / Junk Data,5/3/25,0,0,State Year 8,SS101,40,40,,,,,
Junk Data,Dixie Shoal - DX-6 Duplicate Data / Junk Data,5/3/25,0,0,State Year 8,SS490,10,10,,,,,
Junk Data,Dixie Shoal - DX-6 Duplicate Data / Junk Data,5/3/25,0,0,State Year 8,SI151,10,10,,,,,
Junk Data,Dixie Shoal - DX-6 Duplicate Data / Junk Data,5/3/25,0,0,State Year 8,SI148,10,10,,,,,
Junk Data,Dixie Shoal - DX-6 Duplicate Data / Junk Data,5/3/25,0,0,State Year 8,SS492,10,10,,,,,
Junk Data,Dixie Shoal - DX-6 Duplicate Data / Junk Data,5/3/25,0,0,State Year 8,SS399,40,40,,,,,
Junk Data,Dixie Shoal - DX-6 Duplicate Data / Junk Data,5/3/25,0,0,State Year 8,SI251,60,60,,,,,
Junk Data,Dixie Shoal - DX-6 Duplicate Data / Junk Data,5/3/25,0,0,State Year 8,SI258,10,10,,,,,
Junk Data,Dixie Shoal - DX-6 Duplicate Data / Junk Data,5/3/25,0,0,State Year 8,SS122,20,20,,,,,
Junk Data,Dixie Shoal - DX-6 Duplicate Data / Junk Data,5/3/25,0,0,State Year 8,SS519,20,20,,,,,
Junk Data,Dixie Shoal - DX-6 Duplicate Data / Junk Data,5/3/25,0,0,State Year 8,SI66,30,30,,,,,
Junk Data,Dixie Shoal - DX-6 Duplicate Data / Junk Data,5/3/25,0,0,State Year 8,SI159,20,20,,,,,
Junk Data,Dixie Shoal - DX-6 Duplicate Data / Junk Data,5/3/25,0,0,State Year 8,SS510,30,30,,,,,
Junk Data,Dixie Shoal - DX-6 Duplicate Data / Junk Data,5/3/25,0,0,State Year 8,SS463,30,30,,,,,
Junk Data,Dixie Shoal - DX-6 Duplicate Data / Junk Data,5/3/25,0,0,State Year 8,SI35,20,20,,,,,
Junk Data,Dixie Shoal - DX-6 Duplicate Data / Junk Data,5/3/25,0,0,State Year 8,SI263,10,10,,,,,
Junk Data,Dixie Shoal - DX-6 Duplicate Data / Junk Data,5/3/25,0,0,State Year 8,SS507,20,20,,,,,
Junk Data,Dixie Shoal - DX-6 Duplicate Data / Junk Data,5/3/25,0,0,State Year 8,SS520,40,40,,,,,
Junk Data,Dixie Shoal - DX-6 Duplicate Data / Junk Data,5/3/25,0,0,State Year 8,SI23,20,20,,,,,
Junk Data,Dixie Shoal - DX-6 Duplicate Data / Junk Data,5/3/25,0,0,State Year 8,SS518,50,50,,,,,
Junk Data,Dixie Shoal - DX-6 Duplicate Data / Junk Data,5/3/25,0,0,State Year 8,SS406,50,50,,,,,
Junk Data,Dixie Shoal - DX-6 Duplicate Data / Junk Data,5/3/25,0,0,State Year 8,SI69,40,40,,,,,
Junk Data,Dixie Shoal - DX-6 Duplicate Data / Junk Data,5/3/25,0,0,State Year 8,SS106,40,40,,,,,
Outplant 2025-05-15, / IC_C_3_M_1,5/14/25,24.53109,-81.48502,State Year 8,OF924,10,10,,,,,
Outplant 2025-05-15, / IC_C_3_M_1,5/14/25,24.53109,-81.48502,State Year 8,PC14,10,10,,,,,
Outplant 2025-05-15, / IC_C_3_M_1,5/14/25,24.53109,-81.48502,State Year 8,OA9,10,10,,,,,
Outplant 2025-05-15, / IC_C_3_M_1,5/14/25,24.53109,-81.48502,State Year 8,PC35,20,20,,,,,
Outplant 2025-05-15, / IC_C_3_M_1,5/14/25,24.53109,-81.48502,State Year 8,MC1,10,10,,,,,
Outplant 2025-05-15, / IC_C_3_M_1,5/14/25,24.53109,-81.48502,State Year 8,MC203,20,20,,,,,
Outplant 2025-05-15, / IC_C_3_M_1,5/14/25,24.53109,-81.48502,State Year 8,PC15,20,20,,,,,
Outplant 2025-05-15, / IC_C_3_M_1,5/14/25,24.53109,-81.48502,State Year 8,PC18,9,9,,,,,
Outplant 2025-05-15, / IC_C_3_M_1,5/14/25,24.53109,-81.48502,State Year 8,PC19,61,61,,,,,
Outplant 2025-05-15, / IC_C_3_M_1,5/14/25,24.53109,-81.48502,State Year 8,PC13,10,10,,,,,
Outplant 2025-05-15, / IC_C_3_M_1,5/14/25,24.53109,-81.48502,State Year 8,PS4,10,10,,,,,
Outplant 2025-05-15, / IC_C_3_M_1,5/14/25,24.53109,-81.48502,State Year 8,MC108,20,20,,,,,
Outplant 2025-05-15, / IC_C_3_M_1,5/14/25,24.53109,-81.48502,State Year 8,PC16,20,20,,,,,
Outplant 2025-05-15, / IC_C_3_M_1,5/14/25,24.53109,-81.48502,State Year 8,MC71,10,10,,,,,
Outplant 2025-05-15, / IC_C_3_M_1,5/14/25,24.53109,-81.48502,State Year 8,PS1,10,10,,,,,
Outplant 2025-05-15, / IC_C_3_M_1,5/14/25,24.53109,-81.48502,State Year 8,OF977,130,130,,,,,
Outplant 2025-05-15, / IC_C_3_M_1,5/14/25,24.53109,-81.48502,State Year 8,OF996,30,30,,,,,
Outplant 2025-05-15, / IC_C_3_M_1,5/14/25,24.53109,-81.48502,State Year 8,PS15,10,10,,,,,
Outplant 2025-05-15, / IC_C_3_M_1,5/14/25,24.53109,-81.48502,State Year 8,PS36,30,30,,,,,
Outplant 2025-05-15, / IC_C_3_M_1,5/14/25,24.53109,-81.48502,State Year 8,OF982,10,10,,,,,
Outplant 2025-05-15, / IC_C_3_M_1,5/14/25,24.53109,-81.48502,State Year 8,OF1004,50,50,,,,,
Outplant 2025-05-15, / IC_C_3_M_1,5/14/25,24.53109,-81.48502,State Year 8,OF999,30,30,,,,,
Outplant 2025-05-15, / IC_C_3_M_1,5/14/25,24.53109,-81.48502,State Year 8,OF995,30,30,,,,,
Outplant 2025-05-15, / IC_C_3_M_1,5/14/25,24.53109,-81.48502,State Year 8,OF979,20,20,,,,,
Outplant 2025-05-15, / IC_C_3_M_1,5/14/25,24.53109,-81.48502,State Year 8,OF1005,40,40,,,,,
Outplant 2025-05-15, / IC_C_3_M_1,5/14/25,24.53109,-81.48502,State Year 8,OF328,50,50,,,,,
Outplant 2025-05-15, / IC_C_3_M_1,5/14/25,24.53109,-81.48502,State Year 8,OF978,40,40,,,,,
Outplant 2025-05-15, / IC_C_3_M_1,5/14/25,24.53109,-81.48502,State Year 8,OF671,20,20,,,,,
Outplant 2025-05-15, / IC_C_3_M_1,5/14/25,24.53109,-81.48502,State Year 8,OF98,10,10,,,,,
Outplant 2025-05-15, / IC_C_3_M_1,5/14/25,24.53109,-81.48502,State Year 8,OF980,49,49,,,,,
Outplant 2025-05-15, / IC_C_3_M_1,5/14/25,24.53109,-81.48502,State Year 8,PS2,10,10,,,,,
Outplant 2025-05-15, / IC_C_3_M_1,5/14/25,24.53109,-81.48502,State Year 8,PS9,10,10,,,,,
Outplant 2025-05-15, / IC_C_3_M_1,5/14/25,24.53109,-81.48502,State Year 8,PS43,40,40,,,,,
Outplant 2025-05-15, / IC_C_3_M_1,5/14/25,24.53109,-81.48502,State Year 8,PC41,50,50,,,,,
Outplant 2025-05-15, / IC_C_3_M_1,5/14/25,24.53109,-81.48502,State Year 8,PS49,40,40,,,,,